origem,destino,passageiros,passageiros_pagos,passageiros_gratis,voos,empresas
CGH,SDU,3682638,3607310,75328,50559,AD|G3|JJ
BSB,CGH,2199288,2144614,54674,31588,AD|G3|JJ
CGH,CNF,1927648,1881660,45988,26039,AD|G3|JJ
CGH,POA,1904071,1857760,46311,22981,AD|G3|JJ
GRU,REC,1724206,1697407,26799,20310,AD|G3|JJ
GRU,POA,1697328,1657663,39665,21700,AD|G3|JJ
CGH,CWB,1558940,1520953,37987,21813,AD|G3|JJ
CGH,SSA,1453102,1432016,21086,16459,AD|G3|JJ
GIG,GRU,1448930,1401382,47548,22853,AD|G3|JJ
CNF,GRU,1375606,1344187,31419,20413,AD|G3|JJ
CWB,GRU,1368569,1332490,36079,18900,AD|G3|JJ
CGH,FLN,1294045,1267934,26111,14975,2Z|AD|G3|JJ
BSB,GRU,1236321,1198151,38170,20354,AD|G3|JJ
FOR,GRU,1196187,1176584,19603,15242,AD|G3|JJ
CGH,REC,1118955,1096305,22650,12808,AD|G3|JJ
GRU,SSA,1097325,1083957,13368,14541,G3|JJ
FLN,GRU,1006680,986405,20275,12859,AD|G3|JJ
GIG,POA,950871,937073,13798,12419,AD|G3|JJ
CGH,GYN,933870,919340,14530,10111,G3|JJ
GRU,MCZ,921944,907568,14376,10736,G3|JJ
GRU,VIX,885434,874376,11058,11698,AD|G3|JJ
CGB,GRU,881163,872740,8423,11581,AD|G3|JJ
GIG,REC,874870,863954,10916,11057,AD|G3|JJ
BSB,SDU,868498,856026,12472,13657,G3|JJ
CGH,NVT,865998,851127,14871,9421,AD|G3|JJ
GRU,GYN,845482,831954,13528,10370,G3|JJ
GRU,IGU,816183,802658,13525,9585,AD|G3|JJ
GIG,SSA,810235,801827,8408,11454,AD|G3|JJ
BSB,CNF,773917,756650,17267,10836,AD|G3|JJ
BSB,REC,763790,754103,9687,9392,AD|G3|JJ
GRU,NAT,760059,748336,11723,8886,G3|JJ
BEL,GRU,754456,744972,9484,10114,AD|G3|JJ
REC,VCP,721620,704490,17130,9594,AD|G3|JJ
GIG,VIX,707786,701601,6185,11172,AD|G3|JJ
GRU,MAO,698654,689737,8917,8730,G3|JJ
CNF,GIG,674290,659128,15162,11050,2F|AD|G3
FOR,GIG,671410,663497,7913,8919,G3|JJ
CGR,GRU,668810,659387,9423,8268,G3|JJ
GRU,NVT,659320,648263,11057,8786,G3|JJ
BSB,GIG,640329,631290,9039,10841,AD|G3|JJ
BSB,SSA,632353,623746,8607,8582,AD|G3|JJ
BSB,VCP,630244,616124,14120,9696,AD|G3|JJ
CGH,VIX,629186,618868,10318,7062,AD|G3|JJ
CNF,VCP,628016,608288,19728,13166,AD
POA,VCP,612295,586626,25669,9140,AD|G3|JJ
CGH,FOR,600921,590200,10721,6961,AD|G3|JJ
AJU,GRU,591922,585549,6373,6834,G3|JJ
CWB,GIG,588606,580806,7800,8438,AD|G3|JJ
GRU,JPA,588164,577663,10501,6650,AD|G3|JJ
BPS,GRU,582540,575542,6998,7495,AD|G3|JJ
CNF,REC,549092,540368,8724,8475,AD
SSA,VCP,543264,534142,9122,7461,AD|G3|JJ
BSB,FOR,535522,524898,10624,7042,G3|JJ
GRU,SLZ,531690,526965,4725,6270,G3|JJ
CNF,SSA,526131,518918,7213,8534,AD|G3
GIG,VCP,508653,494882,13771,8354,2F|AD|G3
SDU,VCP,483435,465776,17659,9256,AD|G3
BPS,CGH,481929,476184,5745,4901,AD|G3|JJ
CWB,VCP,467533,452974,14559,9521,AD
BSB,POA,447079,437911,9168,5468,G3|JJ
FOR,REC,438597,431280,7317,6613,AD|JJ
BPS,CNF,429968,423953,6015,5066,AD|G3
BSB,MAO,422839,416049,6790,5700,G3|JJ
BSB,CWB,403328,396509,6819,5451,AD|G3|JJ
GYN,VCP,402309,395078,7231,6264,AD
REC,SSA,400194,391207,8987,7149,AD|G3
GRU,MGF,392200,385713,6487,4793,G3|JJ
GIG,IGU,376634,371578,5056,4649,G3|JJ
CGB,VCP,375959,371604,4355,6201,AD|JJ
BEL,BSB,373744,366158,7586,5471,AD|G3|JJ
FLN,GIG,372940,367852,5088,5457,AD|G3|JJ
CWB,POA,372146,368594,3552,6281,AD|JJ
BSB,GYN,357162,348348,8814,4637,AD|G3|JJ
CGH,GIG,355769,344992,10777,5601,2Z|AD|G3|JJ
GRU,THE,336984,333443,3541,4437,G3|JJ
CGH,IGU,328566,322948,5618,3496,AD|G3|JJ
FLN,VCP,325413,314421,10992,5640,AD|G3|JJ
BSB,JPA,324321,318550,5771,3554,G3|JJ
CGH,MCZ,323262,318312,4950,3125,AD|G3|JJ
BSB,MCZ,317722,313142,4580,3436,G3|JJ
CNF,SDU,317718,310501,7217,5693,AD|JJ
GRU,XAP,313542,311461,2081,4758,G3|JJ
BSB,CGB,310464,306610,3854,3735,AD|G3|JJ
BEL,MCP,309858,307663,2195,3699,AD|G3|JJ
MAO,VCP,305721,299599,6122,4361,AD
BSB,SLZ,304075,299658,4417,3580,AD|G3|JJ
GRU,JDO,303794,299893,3901,3477,G3|JJ
VCP,VIX,299675,294130,5545,4320,AD
GRU,PNZ,295680,293120,2560,3736,G3|JJ
NVT,VCP,293743,284515,9228,5073,AD
BEL,FOR,292744,290541,2203,3975,AD|G3|JJ
CGH,SJP,291668,280793,10875,3280,G3|JJ
GRU,LDB,285578,280490,5088,3834,JJ
BSB,NAT,284176,280126,4050,3221,AD|G3|JJ
BSB,THE,283057,279380,3677,3592,AD|G3|JJ
GRU,SDU,282312,276623,5689,4957,AD|G3|JJ
BEL,VCP,276758,271288,5470,4454,AD
CNF,GYN,274772,270978,3794,4822,AD
CGB,CGH,274031,271229,2802,2908,G3|JJ
FOR,SSA,273380,269604,3776,4047,AD|G3|JJ
GRU,VDC,272793,270102,2691,3494,G3|JJ
FEN,REC,270737,261221,9516,4225,2Z|7M|AD|G3|JJ
CGR,VCP,270188,265079,5109,4003,AD|JJ
GRU,IOS,268426,264335,4091,3635,G3|JJ
CNF,VIX,264697,258500,6197,4645,AD|JJ
GRU,PMW,262049,260809,1240,3471,G3|JJ
BEL,CNF,258633,255845,2788,4838,AD
GYN,REC,257507,256117,1390,3149,AD
FOR,VCP,254791,249081,5710,2716,AD|JJ
GRU,UDI,248218,244403,3815,3465,AD|JJ
CGH,UDI,244282,238541,5741,2623,G3|JJ
CGH,RAO,239035,230619,8416,3068,2Z|G3|JJ
CAC,GRU,235891,233095,2796,3206,G3|JJ
BEL,STM,232555,230451,2104,2893,AD|G3
BSB,BVB,230797,225889,4908,2497,G3|JJ
CGH,CGR,230471,226153,4318,2455,G3|JJ
CNF,POA,230451,226047,4404,2967,AD|JJ
GIG,NVT,228578,226065,2513,2804,AD|G3
GIG,MCZ,225909,222911,2998,2853,AD|G3
BSB,FLN,224097,221405,2692,3065,G3|JJ
BSB,CGR,223196,221725,1471,2400,JJ
GIG,JPA,220084,216734,3350,2522,G3|JJ
BEL,MAO,218116,216860,1256,3047,AD|JJ
GIG,NAT,217621,214709,2912,2872,G3|JJ
CWB,IGU,217544,214812,2732,3205,AD|JJ
BSB,PVH,214281,207794,6487,2679,G3|JJ
CGH,JOI,210209,207034,3175,2519,2Z|G3|JJ
GRU,JJD,209456,207210,2246,2670,G3|JJ
CNF,MCZ,201571,198847,2724,2143,AD
IGU,VCP,200136,193795,6341,2429,AD|G3
FOR,MAO,199168,198590,578,1972,JJ
CGH,LDB,196367,191509,4858,2167,G3|JJ
CGH,MGF,196055,190463,5592,2297,G3|JJ
MCZ,VCP,195893,192017,3876,2068,AD|G3|JJ
BEL,REC,191878,189486,2392,3097,AD
BSB,RBR,191745,188671,3074,2430,G3|JJ
BSB,PMW,191115,187486,3629,2331,G3|JJ
BSB,VIX,189964,188449,1515,2530,G3|JJ
CNF,FOR,189244,187298,1946,2235,AD|JJ
BPS,VCP,188958,185795,3163,2080,AD|G3|JJ
CNF,CWB,188762,185389,3373,3417,AD
GRU,OPS,187383,184227,3156,2595,G3|JJ
GRU,SJP,182130,178193,3937,2545,JJ
CNF,NAT,172320,170388,1932,1807,AD
RAO,VCP,168554,163315,5239,4952,AD
GRU,JOI,167257,165778,1479,2540,JJ
SJP,VCP,165856,159977,5879,5034,AD
GIG,GYN,161038,158464,2574,2114,AD|G3
CGH,JPA,160605,158195,2410,1643,AD|G3|JJ
REC,SLZ,157341,156000,1341,2348,AD
CNF,UDI,155577,153083,2494,3962,AD
BSB,MAB,155199,153373,1826,2146,AD|G3|JJ
UDI,VCP,152712,149835,2877,4117,AD
CNF,MOC,148699,146432,2267,4292,AD
CGB,CNF,140986,139914,1072,2433,AD
BPS,GIG,139127,138358,769,1878,AD|G3|JJ
BSB,MCP,136181,134850,1331,1807,G3|JJ
CAC,VCP,133944,131737,2207,2172,AD
FOR,SLZ,131209,130741,468,1640,AD|JJ
GIG,MAO,128532,126743,1789,1859,AD|G3|JJ
CGH,NAT,128186,126473,1713,1389,AD|G3|JJ
VCP,XAP,127799,126219,1580,1979,AD
MGF,VCP,127269,123986,3283,3426,AD
AJU,GIG,126136,124911,1225,1624,G3
GRU,PFB,124684,123564,1120,1778,G3|JJ
MAO,REC,122077,120372,1705,1461,AD
GRU,PVH,120994,120220,774,1658,JJ
NAT,VCP,119575,117354,2221,1260,AD|G3
CNF,FLN,119382,117340,2042,1920,AD
CNF,IPN,119216,116781,2435,3799,AD
CKS,CNF,115116,114151,965,1665,AD|G3
NAT,REC,108249,105818,2431,2933,AD
POA,REC,108116,106139,1977,1587,AD
BEL,GIG,107307,105253,2054,1390,AD|G3|JJ
MAO,STM,106954,105794,1160,1995,AD|G3
AJU,BSB,106595,106253,342,1239,AD|G3|JJ
LDB,VCP,105760,103229,2531,2820,AD
GYN,SSA,105670,104039,1631,1385,AD|G3
BSB,STM,105433,103688,1745,1974,G3|JJ
GRU,IMP,105259,104798,461,1807,JJ
JOI,VCP,105223,103130,2093,2764,AD
BEL,MAB,105031,104337,694,1845,AD
FOR,THE,104458,104085,373,1515,JJ
CNF,MAO,104240,103137,1103,1357,AD
SLZ,SSA,103198,101157,2041,1347,G3
CNF,JPA,102928,101549,1379,1036,AD
JPA,VCP,101876,99349,2527,1125,AD|JJ
BPS,BSB,101494,100875,619,1045,AD|JJ
FOR,NAT,100572,99919,653,1331,AD|JJ
MAO,PVH,100118,98324,1794,1703,2F|AD|G3
CNF,PVH,100090,99196,894,1264,AD
GRU,MOC,99648,98951,697,1560,JJ
THE,VCP,98880,97510,1370,1126,AD
CGH,PPB,97825,95548,2277,1118,2Z|G3
SLZ,VCP,94802,93422,1380,1187,AD
CNF,SLZ,94515,93587,928,1118,AD
OPS,VCP,94131,93474,657,1049,AD
PFB,VCP,93821,92412,1409,1112,AD
MCZ,SSA,93440,91542,1898,1234,AD|G3|JJ
AJU,SSA,93306,91365,1941,2080,AD|G3
REC,VIX,93075,92457,618,1118,AD
PPB,VCP,93015,90914,2101,2233,AD
AJU,CNF,92882,92129,753,1425,AD
BEL,SLZ,92755,92077,678,1549,AD
CNF,IOS,92537,91714,823,1282,AD
GRU,JJG,92286,91421,865,1580,JJ
SSA,VIX,92171,91128,1043,1272,G3
JPA,SSA,91519,89677,1842,1138,G3
NAT,SSA,90468,88782,1686,1222,AD|G3
IOS,VCP,90010,89092,918,1061,AD
CGH,IOS,89635,88838,797,1010,AD|G3|JJ
MCZ,REC,88696,86208,2488,2482,AD
CNF,THE,87781,87277,504,1007,AD
PMW,VCP,87424,86621,803,1126,AD
CXJ,VCP,85614,83849,1765,1039,AD
AJU,REC,84963,83208,1755,2325,AD
AJU,VCP,84419,82757,1662,1133,AD
CNF,MAB,83490,82958,532,1220,AD
CGH,CXJ,82339,80441,1898,908,G3
CXJ,GRU,82099,81316,783,1249,JJ
CWB,MGF,80474,79240,1234,2186,AD|G3
CNF,GVR,79741,78509,1232,2615,2F|AD
ATM,BEL,79145,78536,609,1048,AD
BSB,OPS,79064,78934,130,963,JJ
CGH,IZA,78725,77715,1010,882,2Z|G3
REC,THE,78358,77486,872,1029,AD
PNZ,VCP,73920,73094,826,972,AD
BVB,MAO,73731,73103,628,1012,AD
JDO,VCP,73149,72103,1046,920,AD|G3
CGH,MOC,72547,71108,1439,913,G3
CGH,XAP,72268,70794,1474,876,G3|JJ
BSB,IMP,70777,70261,516,1041,JJ
FEN,GRU,70385,68701,1684,1125,G3|JJ
FLN,XAP,69028,68366,662,1114,AD|G3
IMP,SLZ,68764,68469,295,1058,AD
CNF,VDC,66050,65000,1050,1318,AD|JJ
CGB,OPS,64142,63654,488,1009,AD
CNF,RAO,62332,61617,715,1860,2F|AD|JJ
GRU,MCP,61854,61663,191,957,AD|JJ
MAO,TBT,61383,60984,399,1294,AD
CNF,IMP,61324,60854,470,1126,AD
GYN,PMW,60250,59603,647,1009,AD
CNF,PMW,59882,59464,418,854,AD
PNZ,REC,55292,54554,738,1145,AD
CNF,SJP,55274,54658,616,1636,AD
FLN,POA,54128,53283,845,849,AD|G3|JJ
GIG,SLZ,53963,53612,351,694,G3|JJ
JPA,REC,49015,47795,1220,1284,AD
CWB,LDB,48686,48049,637,1331,AD
CAC,CWB,48412,47827,585,1370,AD
CNF,RBR,47904,47381,523,1150,AD
ARU,CGH,47416,46356,1060,575,G3
CPV,REC,46811,45689,1122,1442,7M|AD
CNF,CPV,46662,46240,422,714,AD
GRU,PET,46325,45611,714,779,G3|JJ
GRU,RAO,45853,44843,1010,738,2Z|G3|JJ
ROO,VCP,45747,45349,398,826,AD
REC,SJP,43262,43090,172,437,AD
CGB,GYN,41940,41680,260,935,AD
AJU,CGH,41311,40783,528,431,AD|G3|JJ
CGH,CLV,40819,39847,972,404,G3
BEL,CKS,40731,40377,354,1273,2F|AD
GRU,RBR,40654,40516,138,610,JJ
IZA,VCP,40627,39995,632,1169,AD|G3
FOR,JDO,40531,40278,253,662,AD|JJ
JTC,VCP,40110,38906,1204,1259,AD
RAO,REC,40019,39808,211,429,AD
ARU,VCP,38775,37795,980,1145,AD|G3
CNF,UBA,38010,37553,457,1000,AD
REC,UDI,36424,36273,151,389,AD
MCZ,SJP,35843,35766,77,251,AD
BPS,UDI,35729,35693,36,262,AD
MAO,RBR,35603,35168,435,523,AD|G3
GIG,SJK,35572,35081,491,493,G3
GYN,MCZ,35026,34880,146,434,AD
CGB,GIG,32497,32153,344,416,AD|G3
BPS,RAO,32403,32346,57,262,AD
BPS,GYN,32289,32228,61,262,AD
MCZ,RAO,31889,31840,49,223,AD
BVB,VCP,30554,30198,356,774,AD
BPS,SJP,30475,30459,16,201,AD
CPV,SSA,30290,29915,375,571,G3
MCZ,UDI,30188,30119,69,289,AD
GEL,GRU,30103,29464,639,413,G3
CGB,CWB,29093,28824,269,548,AD
BRA,CNF,29087,28831,256,941,AD
BYO,VCP,28634,28402,232,448,AD
FOR,UDI,28348,28247,101,259,AD
BPS,SSA,26660,26074,586,570,AD|G3|JJ
PMG,VCP,26440,26051,389,488,AD
MAO,PIN,26293,25780,513,726,AD
BYO,CGH,26144,25651,493,342,G3
MII,VCP,26021,24851,1170,987,AD
CNF,SMT,25593,25347,246,499,AD
CGR,CWB,25166,24901,265,485,AD
AFL,VCP,24668,24349,319,357,AD
CNF,GNM,24593,24225,368,883,AD
MAO,TFF,24457,23958,499,565,2F|AD
CNF,JJD,24124,23814,310,299,AD
BSB,IGU,23932,23640,292,233,JJ
CMG,VCP,23513,23413,100,391,AD
BSB,CZS,22301,21627,674,371,G3
BRA,SSA,22223,22050,173,788,AD
CGB,SMT,22068,21945,123,423,AD
CGB,CGR,21674,21388,286,540,AD
MAO,SJL,21575,21456,119,387,AD
GEL,POA,18929,18598,331,510,AD
CZS,RBR,18626,18112,514,390,G3
CGB,PVH,18602,18410,192,365,AD|G3
BEL,BVB,18338,18241,97,208,AD
BVH,VCP,17986,17829,157,271,AD
BPS,PPB,17532,17516,16,113,AD
POA,URG,17326,17080,246,483,AD
OAL,VCP,17288,17141,147,244,AD
JPR,VCP,17262,17087,175,269,AD
PTO,VCP,16960,16670,290,542,AD
NAT,UDI,16404,16365,39,103,AD
UBA,VCP,16384,16137,247,552,AD
NAT,RAO,16374,16345,29,129,AD
BPS,JTC,16346,16332,14,107,AD
NAT,SJP,16342,16326,16,106,AD
ITB,MAO,15595,15486,109,440,AD
JPA,UDI,15404,15359,45,147,AD
NAT,PPB,15291,15253,38,114,AD
MCP,VCP,15091,14787,304,940,AD
PET,POA,14803,14468,335,443,AD
CGH,SLZ,14745,14621,124,150,JJ
AFL,CGB,14448,14252,196,252,AD
CWB,PTO,14358,14144,214,441,AD
CNF,IGU,13601,13287,314,161,AD
CGH,UNA,13516,13504,12,110,AD
POA,RIA,13401,13024,377,431,AD
PET,VCP,13139,12993,146,210,AD
SSA,VDC,12414,12272,142,402,AD
BPS,SDU,11910,11748,162,166,G3|JJ
DOU,GRU,11766,11606,160,162,JJ
CWB,SSA,10968,10832,136,133,AD|G3
CNF,POJ,10885,10659,226,574,2F|AD
CGH,CPV,10830,10528,302,376,G3
POA,SSA,10781,10650,131,120,G3
RIA,VCP,10196,10008,188,285,AD
CGH,UBA,10148,10022,126,162,G3
CNF,RRJ,9735,9330,405,2401,2F
CNF,UNA,9732,9713,19,137,AD
IOS,SSA,9522,9377,145,270,AD
LEC,SSA,8331,8218,113,275,AD
JDO,REC,8260,8125,135,220,AD
BYO,GRU,8212,8149,63,109,JJ
PNZ,SSA,7700,7545,155,140,G3
RRJ,VCP,7486,7271,215,1643,2F
GNM,SSA,7484,7416,68,359,AD
FLN,IGU,7301,7251,50,106,AD
SDU,SSA,7223,7208,15,96,G3|JJ
CGH,IPN,7163,7119,44,131,2Z
FOR,PHB,7013,6916,97,107,2F|JJ
JJG,VCP,6823,6594,229,205,AD
AAX,CNF,6759,6586,173,538,2F|AD
CGH,PET,6751,6566,185,87,G3
FOR,VIX,6465,6435,30,133,AD|JJ
MXQ,SSA,6414,6334,80,960,E4
BEL,NAT,6402,6380,22,89,AD
BVB,GRU,6236,6195,41,88,JJ
CWB,GPB,6139,6070,69,240,AD
MAO,TMT,5918,5869,49,383,AD
RVD,VCP,5538,5375,163,193,AD
GRU,PPB,5504,5490,14,113,2Z
GRU,IZA,5064,5047,17,125,2Z
CGB,SJP,4751,4727,24,133,AD
IGU,REC,4747,4723,24,51,AD
CGH,THE,4723,4716,7,54,JJ
BSB,JDO,4691,4643,48,64,G3
CXJ,GIG,4553,4508,45,82,G3
CWB,REC,4408,4376,32,70,AD
CGB,JPR,4153,4081,72,127,2F|AD
CGB,OAL,4083,4036,47,68,AD
FLN,PET,3992,3988,4,79,2Z
GEL,VCP,3937,3896,41,121,AD
CGB,MCZ,3859,3847,12,42,AD
CGH,PFB,3822,3708,114,51,G3|JJ
CLV,GRU,3752,3673,79,93,AD
EEA,VCP,3681,3605,76,159,AD
AUX,BSB,3654,3580,74,61,G3
CAW,VCP,3613,3511,102,184,AD
BVH,CGB,3605,3568,37,62,AD
JTC,MCZ,3152,3148,4,28,AD
TJL,VCP,3147,3075,72,114,AD
MVF,REC,3092,3013,79,105,AD
ERN,MAO,2977,2939,38,111,AD
FLN,RIA,2964,2956,8,57,2Z
GIG,MCP,2943,2905,38,62,G3
CAC,MCZ,2903,2900,3,28,AD
CLV,CNF,2660,2630,30,67,AD
CGH,EEA,2486,2426,60,30,G3
NSR,REC,2313,2283,30,87,AD
AIR,CGB,2293,2293,0,557,2F
JPA,SJP,2188,2188,0,17,AD
PVH,RBR,2174,2056,118,286,AD
JTC,REC,2114,2102,12,25,AD
GPB,VCP,2101,2079,22,81,AD
CNF,NVT,2096,2076,20,31,AD
CGH,GEL,2055,2007,48,27,G3
GYN,JPA,2043,2036,7,18,AD
AQA,VCP,1863,1731,132,729,2F
DIQ,VCP,1860,1819,41,466,2F
BVB,REC,1847,1839,8,70,AD
MCZ,PPB,1840,1840,0,14,AD
PGZ,VCP,1764,1712,52,98,AD
CNF,TFL,1592,1563,29,394,2F
SJP,SSA,1490,1488,2,15,AD
PPB,REC,1488,1483,5,18,AD
CNF,IAL,1485,1481,4,300,2F
STM,TMT,1414,1382,32,143,AD
IMP,REC,1413,1395,18,84,AD
LDB,REC,1330,1304,26,13,AD
RAO,SSA,1312,1312,0,16,AD
MAO,MNX,1306,1300,6,273,2F|Q1
FOR,IGU,1274,1261,13,11,G3
FEN,NAT,1267,1256,11,30,AD
CNF,DIQ,1252,1126,126,413,2F
CNF,PHB,1245,1215,30,59,AD
JPA,PPB,1214,1201,13,10,AD
MCZ,UBA,1206,1194,12,16,AD
CNF,LHN,1203,1185,18,291,2F
SSA,UDI,1167,1167,0,15,AD
BPG,CGB,1129,1108,21,400,2F
LDB,MCZ,1061,1046,15,8,AD
BPS,VIX,1041,1026,15,27,G3
FOR,RAO,1019,1014,5,11,AD
CIZ,MAO,993,992,1,243,2F
BPS,LDB,992,991,1,12,AD
JPA,UBA,968,968,0,10,AD
JPO,REC,960,936,24,279,2F
CWB,UMU,907,861,46,243,2F
IUP,MAO,894,894,0,79,Q1
JPA,RAO,894,886,8,8,AD
AUX,PMW,878,817,61,63,G3
BEL,MEU,861,861,0,200,2F
CWB,MCZ,835,831,4,9,AD
ERN,TBT,831,814,17,78,AD
CNF,VAG,827,760,67,251,2F
BEL,BVS,777,772,5,154,2F
BPS,CAC,756,753,3,8,AD
ARU,BPS,747,747,0,18,AD
BEL,PTQ,740,739,1,161,2F
CKS,OIA,710,710,0,218,2F
CNF,LEC,677,672,5,18,AD
CFB,CNF,626,600,26,15,AD
SLZ,THE,595,595,0,20,JJ
REC,SET,593,576,17,189,2F
FOR,SJP,572,572,0,5,AD
JAW,REC,558,552,6,157,2F
CAC,JPA,552,552,0,4,AD
MAO,MBZ,549,529,20,139,2F
GRU,VCP,542,540,2,11,AD|JJ
MAO,RPU,534,534,0,18,AD
IUP,MNX,510,510,0,79,Q1
PBA,SSA,504,499,5,73,E4
CWB,GGJ,493,480,13,180,2F
BSB,RAO,486,475,11,9,AD|JJ
CKS,SLZ,460,460,0,4,AD
BAT,VCP,455,432,23,173,2F
REC,VDC,432,425,7,174,AD
LBR,MAO,416,416,0,80,2F
BEL,JPE,410,398,12,145,2F
BEL,RAO,410,397,13,6,AD
CWB,FLN,407,407,0,5,AD
CNF,JMA,403,385,18,163,2F
BEL,TUR,396,387,9,167,2F
AJU,BPS,394,385,9,108,AD
FRC,VCP,388,350,38,159,2F
CNF,PYT,375,356,19,139,2F
BAZ,MAO,366,363,3,108,2F
FLN,REC,360,352,8,5,AD
CGB,MAO,344,338,6,68,AD
CJZ,REC,340,331,9,147,2F
PNZ,VIX,323,322,1,6,JJ
ATM,SLZ,318,317,1,4,AD
GIG,SDU,307,303,4,4,AD
CGH,GRU,291,284,7,6,AD|JJ
SDU,VIX,286,277,9,6,AD
CLV,VCP,278,266,12,7,AD
AJU,VDC,268,253,15,108,AD
IGU,MCZ,266,261,5,2,AD
POA,VIX,262,252,10,4,AD
MAO,MCP,244,244,0,3,AD
CAU,REC,242,198,44,106,2F|AD
MAO,RBB,234,205,29,91,2F
CKS,MCP,208,206,2,5,AD
CGH,VCP,207,203,4,2,AD|G3
AJU,IOS,202,201,1,32,AD
JPA,MCZ,201,200,1,13,G3
GYN,MAO,197,190,7,2,AD
RAO,UDI,195,192,3,6,AD|JJ
CIZ,LBR,193,193,0,69,2F
MUU,PBA,187,187,0,29,E4
JPR,PVH,185,172,13,66,2F
QGP,REC,184,167,17,100,2F
MUU,SSA,183,183,0,29,E4
BEL,SSA,183,183,0,1,G3
IOS,REC,175,174,1,54,AD
PVH,VCP,174,174,0,3,JJ
CNF,SJK,173,169,4,1,G3
GIG,UDI,171,168,3,3,AD|JJ
MXQ,PBA,169,165,4,33,E4
FLN,RAO,168,165,3,3,AD|JJ
GRU,STM,168,166,2,1,JJ
MCZ,VIX,167,162,5,4,AD
CWB,TEC,163,148,15,81,2F
GIG,VDC,161,159,2,1,G3
CKS,GIG,161,161,0,2,AD
GYN,RAO,159,159,0,2,JJ
FOR,JJD,155,150,5,43,2F
GYN,SLZ,154,149,5,2,JJ
ARU,GRU,154,151,3,1,G3
BEL,VIX,151,150,1,2,AD
GIG,JJD,150,150,0,3,JJ
BPS,REC,146,141,5,73,AD
IMP,MAB,146,146,0,4,AD
CWB,NAT,146,144,2,3,AD
VCP,VDC,144,143,1,3,JJ
MAO,VIX,143,141,2,2,AD
GYN,PVH,142,138,4,3,AD
ARU,MCZ,141,139,2,2,AD
POA,RAO,138,134,4,2,JJ
MAO,PMW,137,135,2,1,AD
FEN,JPA,136,135,1,1,AD
CNF,LDB,135,133,2,1,AD
FOR,GYN,134,130,4,2,AD
RAO,SDU,133,124,9,4,AD
GIG,IMP,132,132,0,3,JJ
CWB,XAP,131,131,0,1,AD
AAX,GRU,129,128,1,5,AD
CNF,PNZ,128,128,0,2,AD
CWB,UVI,125,117,8,76,2F
CGB,RAO,125,125,0,2,AD
PHB,VCP,123,122,1,1,AD
REC,UBA,123,121,2,3,AD
GIG,JTC,123,123,0,3,AD
SDU,SJK,120,115,5,1,G3
CMG,JTC,117,117,0,2,AD
BEL,OPP,116,108,8,54,2F
BPS,CGR,115,115,0,3,AD
BSB,SJP,110,107,3,1,AD
MAB,SLZ,107,107,0,1,AD
BSB,JTC,105,102,3,3,AD
CGR,PMG,102,99,3,1,AD
IGU,RAO,102,100,2,1,AD
IGU,PMG,101,96,5,1,AD
MCP,SLZ,100,98,2,2,AD
SJL,STM,99,99,0,1,AD
NVT,RAO,98,94,4,2,AD
CWB,SDU,98,97,1,2,AD
GIG,RAO,96,90,6,3,AD
BPS,CGB,93,93,0,2,AD
NVT,XAP,89,88,1,2,AD
GIG,STM,87,86,1,2,AD
FLN,JTC,87,85,2,3,AD
RAO,VIX,84,84,0,3,AD
MBZ,RBB,84,82,2,30,2F
PPB,RAO,79,75,4,3,AD
SJP,THE,78,78,0,3,AD
JTC,PET,77,77,0,2,AD
FLN,NVT,75,75,0,1,AD
IRZ,TFF,74,74,0,35,2F
MGF,RAO,69,66,3,3,AD
GIG,MGF,68,68,0,2,G3
FLN,MGF,67,67,0,1,AD
JOI,RAO,67,66,1,2,AD
PIN,STM,63,63,0,1,AD
CPV,FEN,57,57,0,1,7M
AAX,POJ,56,39,17,15,AD
LDB,RAO,56,53,3,3,AD
ATM,MCP,56,56,0,2,AD
BRB,SLZ,55,49,6,17,2F
JJD,PHB,55,53,2,38,2F|AD
MAB,MCP,50,49,1,3,AD
RAO,RVD,48,48,0,2,AD
CGB,UDI,48,48,0,2,AD
LDB,SJP,48,45,3,2,AD
JTC,RAO,43,43,0,3,AD
JOI,MGF,41,40,1,1,AD
MOC,RAO,40,40,0,2,AD
JPA,VIX,33,33,0,2,AD
FOR,JCS,27,27,0,20,2F
GYN,VIX,26,26,0,2,AD
CWB,PPB,25,22,3,2,AD
BRA,MCZ,24,23,1,2,AD
AJU,RAO,23,23,0,2,AD
PHB,SLZ,17,16,1,6,2F
CJZ,JPO,16,15,1,9,2F
BEL,OIA,15,15,0,4,2F
BRB,JJD,14,14,0,4,2F
GIG,XAP,14,14,0,1,AD
FOR,QIG,13,12,1,7,2F
MEU,PTQ,11,11,0,6,2F
JPE,TUR,11,11,0,5,2F
FOR,JSB,10,10,0,7,2F
MAB,VCP,10,10,0,1,AD
IPN,MOC,10,10,0,1,AD
BVS,PTQ,10,10,0,6,2F
BRB,PHB,9,8,1,6,2F
JJD,SLZ,8,8,0,3,2F
UDI,VDC,8,8,0,1,2F
BVB,PVH,7,7,0,1,AD
JPA,NAT,7,5,2,2,AD|JJ
FOR,JSO,6,6,0,6,2F
JAW,SET,6,6,0,5,2F
BEL,IMP,5,5,0,1,AD
SMT,UDI,4,4,0,1,AD
MAB,OIA,3,3,0,1,2F
FOR,IMP,3,3,0,1,AD
CGR,NVT,3,3,0,1,AD
CAC,MGF,3,3,0,1,AD
TEC,UMU,3,3,0,2,2F
CGR,RAO,2,2,0,1,AD
BAT,FRC,2,2,0,2,2F
LBR,PVH,2,2,0,1,2F
CAU,QGP,2,2,0,2,2F
UDI,VIX,1,0,1,1,AD
