passo,aeroporto_removido,removidos_acumulados,qtd_removidos,aeroportos_restantes,componentes_conectados,maior_componente,fracao_maior_componente,aeroportos_isolados,lista_aeroportos_isolados,volume_passageiros_restante,fracao_volume_restante
1,JPO,JPO,1,154,1,154,0.9935483870967742,0,,92873899,0.9999894912375387
2,BVH,JPO|BVH,2,153,1,153,0.9870967741935484,0,,92852308,0.9997570171696059
3,PBA,JPO|BVH|PBA,3,152,1,152,0.9806451612903225,0,,92851448,0.9997477573994044
4,AAX,JPO|BVH|PBA|AAX,4,151,1,151,0.9741935483870968,0,,92844504,0.9996729901386139
5,AJU,JPO|BVH|PBA|AAX|AJU,5,150,1,150,0.967741935483871,0,,91622083,0.9865109697321262
6,SSA,JPO|BVH|PBA|AAX|AJU|SSA,6,149,3,147,0.9483870967741935,2,MUU|MXQ,85145288,0.9167741867754869
7,NSR,JPO|BVH|PBA|AAX|AJU|SSA|NSR,7,148,3,146,0.9419354838709677,2,MUU|MXQ,85142975,0.9167492823005146
8,PYT,JPO|BVH|PBA|AAX|AJU|SSA|NSR|PYT,8,147,3,145,0.9354838709677419,2,MUU|MXQ,85142600,0.9167452446100197
9,MVF,JPO|BVH|PBA|AAX|AJU|SSA|NSR|PYT|MVF,9,146,3,144,0.9290322580645162,2,MUU|MXQ,85139508,0.9167119525059926
10,MAO,JPO|BVH|PBA|AAX|AJU|SSA|NSR|PYT|MVF|MAO,10,145,10,132,0.8516129032258064,5,BAZ|ITB|MUU|MXQ|RPU,82459200,0.8878526081461752
11,IMP,JPO|BVH|PBA|AAX|AJU|SSA|NSR|PYT|MVF|MAO|IMP,11,144,10,131,0.8451612903225807,5,BAZ|ITB|MUU|MXQ|RPU,82151377,0.8845382241429666
12,JJD,JPO|BVH|PBA|AAX|AJU|SSA|NSR|PYT|MVF|MAO|IMP|JJD,12,143,10,130,0.8387096774193549,5,BAZ|ITB|MUU|MXQ|RPU,81917415,0.8820191144268027
13,AUX,JPO|BVH|PBA|AAX|AJU|SSA|NSR|PYT|MVF|MAO|IMP|JJD|AUX,13,142,10,129,0.832258064516129,5,BAZ|ITB|MUU|MXQ|RPU,81912883,0.8819703175912753
14,RAO,JPO|BVH|PBA|AAX|AJU|SSA|NSR|PYT|MVF|MAO|IMP|JJD|AUX|RAO,14,141,10,128,0.8258064516129032,5,BAZ|ITB|MUU|MXQ|RPU,81271913,0.8750688816539457
15,UBA,JPO|BVH|PBA|AAX|AJU|SSA|NSR|PYT|MVF|MAO|IMP|JJD|AUX|RAO|UBA,15,140,10,127,0.8193548387096774,5,BAZ|ITB|MUU|MXQ|RPU,81205074,0.8743492144673142
16,NAT,JPO|BVH|PBA|AAX|AJU|SSA|NSR|PYT|MVF|MAO|IMP|JJD|AUX|RAO|UBA|NAT,16,139,10,126,0.8129032258064516,5,BAZ|ITB|MUU|MXQ|RPU,79258457,0.8533896492458267
17,UVI,JPO|BVH|PBA|AAX|AJU|SSA|NSR|PYT|MVF|MAO|IMP|JJD|AUX|RAO|UBA|NAT|UVI,17,138,10,125,0.8064516129032258,5,BAZ|ITB|MUU|MXQ|RPU,79258332,0.8533883033489951
18,BAT,JPO|BVH|PBA|AAX|AJU|SSA|NSR|PYT|MVF|MAO|IMP|JJD|AUX|RAO|UBA|NAT|UVI|BAT,18,137,10,124,0.8,5,BAZ|ITB|MUU|MXQ|RPU,79257875,0.8533833827501787
19,PGZ,JPO|BVH|PBA|AAX|AJU|SSA|NSR|PYT|MVF|MAO|IMP|JJD|AUX|RAO|UBA|NAT|UVI|BAT|PGZ,19,136,10,123,0.7935483870967742,5,BAZ|ITB|MUU|MXQ|RPU,79256111,0.8533643894540908
20,FLN,JPO|BVH|PBA|AAX|AJU|SSA|NSR|PYT|MVF|MAO|IMP|JJD|AUX|RAO|UBA|NAT|UVI|BAT|PGZ|FLN,20,135,10,122,0.7870967741935484,5,BAZ|ITB|MUU|MXQ|RPU,75775145,0.8158842205709563
21,BSB,JPO|BVH|PBA|AAX|AJU|SSA|NSR|PYT|MVF|MAO|IMP|JJD|AUX|RAO|UBA|NAT|UVI|BAT|PGZ|FLN|BSB,21,134,10,121,0.7806451612903226,5,BAZ|ITB|MUU|MXQ|RPU,63136676,0.6798036175015041
22,EEA,JPO|BVH|PBA|AAX|AJU|SSA|NSR|PYT|MVF|MAO|IMP|JJD|AUX|RAO|UBA|NAT|UVI|BAT|PGZ|FLN|BSB|EEA,22,133,10,120,0.7741935483870968,5,BAZ|ITB|MUU|MXQ|RPU,63130509,0.6797372163354191
23,AFL,JPO|BVH|PBA|AAX|AJU|SSA|NSR|PYT|MVF|MAO|IMP|JJD|AUX|RAO|UBA|NAT|UVI|BAT|PGZ|FLN|BSB|EEA|AFL,23,132,10,119,0.7677419354838709,5,BAZ|ITB|MUU|MXQ|RPU,63091393,0.6793160475316925
24,JPA,JPO|BVH|PBA|AAX|AJU|SSA|NSR|PYT|MVF|MAO|IMP|JJD|AUX|RAO|UBA|NAT|UVI|BAT|PGZ|FLN|BSB|EEA|AFL|JPA,24,131,10,118,0.7612903225806451,5,BAZ|ITB|MUU|MXQ|RPU,61846950,0.6659169124049965
25,JSB,JPO|BVH|PBA|AAX|AJU|SSA|NSR|PYT|MVF|MAO|IMP|JJD|AUX|RAO|UBA|NAT|UVI|BAT|PGZ|FLN|BSB|EEA|AFL|JPA|JSB,25,130,10,117,0.7548387096774194,5,BAZ|ITB|MUU|MXQ|RPU,61846940,0.66591680473325
26,JTC,JPO|BVH|PBA|AAX|AJU|SSA|NSR|PYT|MVF|MAO|IMP|JJD|AUX|RAO|UBA|NAT|UVI|BAT|PGZ|FLN|BSB|EEA|AFL|JPA|JSB|JTC,26,129,10,116,0.7483870967741936,5,BAZ|ITB|MUU|MXQ|RPU,61784901,0.6652488199849529
27,IZA,JPO|BVH|PBA|AAX|AJU|SSA|NSR|PYT|MVF|MAO|IMP|JJD|AUX|RAO|UBA|NAT|UVI|BAT|PGZ|FLN|BSB|EEA|AFL|JPA|JSB|JTC|IZA,27,128,10,115,0.7419354838709677,5,BAZ|ITB|MUU|MXQ|RPU,61660485,0.6639092111833259
28,JJG,JPO|BVH|PBA|AAX|AJU|SSA|NSR|PYT|MVF|MAO|IMP|JJD|AUX|RAO|UBA|NAT|UVI|BAT|PGZ|FLN|BSB|EEA|AFL|JPA|JSB|JTC|IZA|JJG,28,127,10,114,0.7354838709677419,5,BAZ|ITB|MUU|MXQ|RPU,61561376,0.6628420872706423
29,BAZ,JPO|BVH|PBA|AAX|AJU|SSA|NSR|PYT|MVF|MAO|IMP|JJD|AUX|RAO|UBA|NAT|UVI|BAT|PGZ|FLN|BSB|EEA|AFL|JPA|JSB|JTC|IZA|JJG|BAZ,29,126,9,114,0.7354838709677419,4,ITB|MUU|MXQ|RPU,61561376,0.6628420872706423
30,PFB,JPO|BVH|PBA|AAX|AJU|SSA|NSR|PYT|MVF|MAO|IMP|JJD|AUX|RAO|UBA|NAT|UVI|BAT|PGZ|FLN|BSB|EEA|AFL|JPA|JSB|JTC|IZA|JJG|BAZ|PFB,30,125,9,113,0.7290322580645161,4,ITB|MUU|MXQ|RPU,61339049,0.6604482536315661
