passo,aeroporto_removido,alpha,aeroportos_removidos,removidos_acumulados,aeroportos_saturados,lista_saturados,maior_componente,fracao_maior_componente,passageiros_nao_realocados,fracao_demanda_nao_realocada,passageiro_km_realocacao
1,VCP,0.2,1,VCP,10,GRU|CGH|SJK|AQA|RAO|JTC|VAG|FRC|MII|SJP,146,0.9419354838709677,0,0.0,1176531256
2,CNF,0.2,2,VCP|CNF,54,GRU|CGH|SJK|AQA|RAO|JTC|VAG|FRC|MII|SJP|DIQ|IPN|JMA|GVR|IZA|POJ|AAX|TFL|MOC|CAW|GIG|SDU|RRJ|VIX|PYT|LHN|CFB|UBA|IAL|UDI|CLV|BSB|GNM|VDC|BPS|GYN|ARU|UNA|IOS|RVD|MUU|TJL|PPB|LEC|BRA|CWB|LDB|TEC|PBA|MXQ|JOI|PGZ|MGF|NVT,135,0.8709677419354839,0,0.0,8450991120
3,GRU,0.2,3,VCP|CNF|GRU,151,CGH|SJK|AQA|RAO|JTC|VAG|FRC|MII|SJP|CWB|UBA|AAX|RRJ|TEC|PGZ|DIQ|JOI|ARU|GIG|SDU|LDB|IZA|PPB|NVT|UDI|POJ|MGF|GPB|CFB|TJL|UVI|IPN|JMA|GVR|TFL|MOC|CAW|VIX|PYT|LHN|IAL|CLV|BSB|GNM|VDC|BPS|GYN|UNA|IOS|RVD|MUU|LEC|BRA|PBA|MXQ|SSA|BPG|FLN|UMU|EEA|CGR|JJG|PMW|CAC|PTO|GGJ|DOU|NSR|ROO|PNZ|AJU|XAP|PMG|IGU|PFB|CXJ|BYO|CGB|POA|JAW|GEL|MCZ|SET|QGP|CMG|AUX|JDO|SMT|RIA|OPS|CAU|CJZ|QIG|PET|JPO|URG|AFL|BVH|OIA|CKS|IMP|AIR|MAB|OAL|THE|REC|CPV|JCS|JPR|JPA|TUR|JSB|MVF|JPE|JSO|NAT|IUP|ATM|SLZ|BRB|PHB|FOR|ITB|JJD|BVS|BEL|PVH|PTQ|STM|MNX|OPP|MBZ|RBB|PIN|MEU|TMT|MCP|FEN|LBR|MAO|RBR|CIZ|RPU|TFF|BAZ|ERN|IRZ|TBT|BVB|CZS|SJL,130,0.8387096774193549,24263018,0.12026446842761847,28253218603
4,REC,0.2,4,VCP|CNF|GRU|REC,150,CGH|SJK|AQA|RAO|JTC|VAG|FRC|MII|SJP|CWB|UBA|AAX|RRJ|TEC|PGZ|DIQ|JOI|ARU|GIG|SDU|LDB|IZA|PPB|NVT|UDI|POJ|MGF|GPB|CFB|TJL|UVI|IPN|JMA|GVR|TFL|MOC|CAW|VIX|PYT|LHN|IAL|CLV|BSB|GNM|VDC|BPS|GYN|UNA|IOS|RVD|MUU|LEC|BRA|PBA|MXQ|SSA|BPG|FLN|UMU|EEA|CGR|JJG|PMW|CAC|PTO|GGJ|DOU|NSR|ROO|PNZ|AJU|XAP|PMG|IGU|PFB|CXJ|BYO|CGB|POA|JAW|GEL|MCZ|SET|QGP|CMG|AUX|JDO|SMT|RIA|OPS|CAU|CJZ|QIG|PET|JPO|IMP|OIA|THE|CPV|CKS|JCS|MAB|JPA|AFL|URG|MVF|JSB|BVH|AIR|OAL|JPR|TUR|JPE|JSO|NAT|IUP|ATM|SLZ|BRB|PHB|FOR|ITB|JJD|BVS|BEL|PVH|PTQ|STM|MNX|OPP|MBZ|RBB|PIN|MEU|TMT|MCP|FEN|LBR|MAO|RBR|CIZ|RPU|TFF|BAZ|ERN|IRZ|TBT|BVB|CZS|SJL,121,0.7806451612903226,35255644,0.17475160570024711,24442226659
5,CGH,0.2,5,VCP|CNF|GRU|REC|CGH,149,SJK|AQA|RAO|JTC|VAG|FRC|MII|SJP|CWB|UBA|AAX|RRJ|TEC|PGZ|DIQ|JOI|ARU|GIG|SDU|LDB|IZA|PPB|NVT|UDI|POJ|MGF|GPB|CFB|TJL|UVI|FLN|JMA|EEA|CLV|CAW|IPN|UMU|PYT|JJG|PTO|CAC|RVD|GVR|XAP|GGJ|GYN|VIX|PFB|MOC|TFL|LHN|IAL|BSB|GNM|VDC|BPS|UNA|IOS|MUU|LEC|BRA|PBA|MXQ|SSA|BPG|CGR|PMW|DOU|NSR|ROO|PNZ|AJU|PMG|IGU|CXJ|BYO|CGB|POA|JAW|GEL|MCZ|SET|QGP|CMG|AUX|JDO|SMT|RIA|OPS|CAU|CJZ|QIG|PET|JPO|IMP|OIA|THE|CPV|CKS|JCS|MAB|JPA|AFL|URG|MVF|JSB|NAT|JSO|FOR|TUR|PHB|BRB|BVH|JPE|SLZ|JJD|AIR|ATM|OAL|BEL|BVS|OPP|JPR|ITB|FEN|PTQ|IUP|STM|MEU|MCP|PIN|MBZ|RBB|TMT|MNX|PVH|MAO|LBR|CIZ|RBR|RPU|TFF|BAZ|BVB|IRZ|ERN|TBT|SJL|CZS,114,0.7354838709677419,64648067,0.32044099233068846,23370862241
6,BSB,0.2,6,VCP|CNF|GRU|REC|CGH|BSB,148,SJK|AQA|RAO|JTC|VAG|FRC|MII|SJP|CWB|UBA|AAX|RRJ|TEC|PGZ|DIQ|JOI|ARU|GIG|SDU|LDB|IZA|PPB|NVT|UDI|POJ|MGF|GPB|CFB|TJL|UVI|FLN|JMA|EEA|CLV|CAW|IPN|UMU|PYT|JJG|PTO|CAC|RVD|GVR|XAP|GGJ|GYN|VIX|PFB|MOC|CXJ|IGU|DOU|TFL|CGR|LHN|POA|PMG|IAL|GEL|BPG|BYO|RIA|ROO|GNM|PET|BPS|VDC|UNA|IOS|MUU|LEC|BRA|PBA|MXQ|SSA|PMW|NSR|PNZ|AJU|CGB|JAW|MCZ|SET|QGP|CMG|AUX|JDO|SMT|OPS|CAU|CJZ|QIG|JPO|IMP|OIA|THE|CPV|CKS|JCS|MAB|JPA|AFL|URG|MVF|JSB|NAT|JSO|FOR|TUR|PHB|BRB|BVH|JPE|SLZ|JJD|AIR|ATM|OAL|BEL|BVS|OPP|JPR|ITB|FEN|PTQ|IUP|STM|MEU|MCP|PIN|MBZ|RBB|TMT|MNX|PVH|MAO|LBR|CIZ|RBR|RPU|TFF|BAZ|BVB|IRZ|ERN|TBT|SJL|CZS,113,0.7290322580645161,83399506,0.41338622514192047,20175880298
7,MAO,0.2,7,VCP|CNF|GRU|REC|CGH|BSB|MAO,147,SJK|AQA|RAO|JTC|VAG|FRC|MII|SJP|CWB|UBA|AAX|RRJ|TEC|PGZ|DIQ|JOI|ARU|GIG|SDU|LDB|IZA|PPB|NVT|UDI|POJ|MGF|GPB|CFB|TJL|UVI|FLN|JMA|EEA|CLV|CAW|IPN|UMU|PYT|JJG|PTO|CAC|RVD|GVR|XAP|GGJ|GYN|VIX|PFB|MOC|CXJ|IGU|DOU|TFL|CGR|LHN|POA|PMG|IAL|GEL|BPG|BYO|RIA|ROO|GNM|PET|BPS|VDC|UNA|IOS|MUU|LEC|BRA|PBA|MXQ|SSA|PMW|NSR|PNZ|AJU|CGB|JAW|MCZ|SET|QGP|CMG|AUX|JDO|SMT|OPS|CAU|CJZ|QIG|JPO|IMP|OIA|THE|CPV|CKS|JCS|MAB|JPA|AFL|URG|MVF|JSB|NAT|JSO|FOR|TUR|PHB|BRB|BVH|JPE|SLZ|JJD|AIR|ATM|OAL|BEL|BVS|OPP|JPR|ITB|FEN|PTQ|IUP|STM|MEU|MCP|PIN|MBZ|RBB|TMT|MNX|PVH|LBR|CIZ|RBR|RPU|TFF|BAZ|BVB|IRZ|ERN|TBT|SJL|CZS,101,0.6516129032258065,86890725,0.4306911449201804,18698245876
8,GIG,0.2,8,VCP|CNF|GRU|REC|CGH|BSB|MAO|GIG,146,SJK|AQA|RAO|JTC|VAG|FRC|MII|SJP|CWB|UBA|AAX|RRJ|TEC|PGZ|DIQ|JOI|ARU|SDU|LDB|IZA|PPB|NVT|UDI|POJ|MGF|GPB|CFB|TJL|UVI|FLN|JMA|EEA|CLV|CAW|IPN|UMU|PYT|JJG|PTO|CAC|RVD|GVR|XAP|GGJ|GYN|VIX|PFB|MOC|CXJ|IGU|DOU|TFL|CGR|LHN|POA|PMG|IAL|GEL|BPG|BYO|RIA|ROO|GNM|PET|BPS|VDC|CMG|UNA|BRA|URG|IOS|CGB|MUU|LEC|PBA|MXQ|PMW|SSA|SMT|NSR|PNZ|AJU|JAW|MCZ|SET|QGP|AUX|JDO|OPS|CAU|CJZ|QIG|JPO|IMP|OIA|THE|CPV|CKS|JCS|MAB|JPA|AFL|MVF|JSB|NAT|JSO|FOR|TUR|PHB|BRB|BVH|JPE|SLZ|JJD|AIR|ATM|OAL|BEL|BVS|OPP|JPR|ITB|FEN|PTQ|IUP|STM|MEU|MCP|PIN|MBZ|RBB|TMT|MNX|PVH|LBR|CIZ|RBR|RPU|TFF|BAZ|BVB|IRZ|ERN|TBT|SJL|CZS,99,0.6387096774193548,100777530,0.4995238565463581,18540229647
9,SSA,0.2,9,VCP|CNF|GRU|REC|CGH|BSB|MAO|GIG|SSA,145,SJK|AQA|RAO|JTC|VAG|FRC|MII|SJP|CWB|UBA|AAX|RRJ|TEC|PGZ|DIQ|JOI|ARU|SDU|LDB|IZA|PPB|NVT|UDI|POJ|MGF|GPB|CFB|TJL|UVI|FLN|JMA|EEA|CLV|CAW|IPN|UMU|PYT|JJG|PTO|CAC|RVD|GVR|XAP|GGJ|GYN|VIX|PFB|MOC|CXJ|IGU|DOU|TFL|CGR|LHN|POA|PMG|IAL|GEL|BPG|BYO|RIA|ROO|GNM|PET|BPS|VDC|CMG|UNA|BRA|URG|IOS|CGB|MUU|LEC|PBA|MXQ|PMW|SMT|OPS|NSR|PNZ|AJU|AFL|AUX|BVH|JAW|OIA|CKS|SET|MCZ|QGP|AIR|IMP|JDO|MAB|OAL|CJZ|CAU|QIG|THE|JPR|JPO|JCS|CPV|JPA|MVF|JSB|NAT|JSO|FOR|TUR|PHB|BRB|JPE|SLZ|JJD|ATM|BEL|BVS|OPP|ITB|FEN|PTQ|IUP|STM|MEU|MCP|PIN|MBZ|RBB|TMT|MNX|PVH|LBR|CIZ|RBR|RPU|TFF|BAZ|BVB|IRZ|ERN|TBT|SJL|CZS,93,0.6,109331576,0.5419236814916205,17102282865
10,FOR,0.2,10,VCP|CNF|GRU|REC|CGH|BSB|MAO|GIG|SSA|FOR,144,SJK|AQA|RAO|JTC|VAG|FRC|MII|SJP|CWB|UBA|AAX|RRJ|TEC|PGZ|DIQ|JOI|ARU|SDU|LDB|IZA|PPB|NVT|UDI|POJ|MGF|GPB|CFB|TJL|UVI|FLN|JMA|EEA|CLV|CAW|IPN|UMU|PYT|JJG|PTO|CAC|RVD|GVR|XAP|GGJ|GYN|VIX|PFB|MOC|CXJ|IGU|DOU|TFL|CGR|LHN|POA|PMG|IAL|GEL|BPG|BYO|RIA|ROO|GNM|PET|BPS|VDC|CMG|UNA|BRA|URG|IOS|CGB|MUU|LEC|PBA|MXQ|PMW|SMT|OPS|NSR|PNZ|AJU|AFL|AUX|BVH|JAW|OIA|CKS|SET|MCZ|QGP|AIR|IMP|JDO|MAB|OAL|CJZ|CAU|QIG|THE|JPR|JPO|JCS|CPV|JPA|MVF|JSB|NAT|JSO|TUR|PHB|BRB|JPE|SLZ|JJD|ATM|BEL|BVS|OPP|ITB|FEN|PTQ|IUP|STM|MEU|MCP|PIN|MBZ|RBB|TMT|MNX|PVH|LBR|CIZ|RBR|RPU|TFF|BAZ|BVB|IRZ|ERN|TBT|SJL|CZS,87,0.5612903225806452,115920483,0.5745829094158055,15061378073
11,BEL,0.2,11,VCP|CNF|GRU|REC|CGH|BSB|MAO|GIG|SSA|FOR|BEL,143,SJK|AQA|RAO|JTC|VAG|FRC|MII|SJP|CWB|UBA|AAX|RRJ|TEC|PGZ|DIQ|JOI|ARU|SDU|LDB|IZA|PPB|NVT|UDI|POJ|MGF|GPB|CFB|TJL|UVI|FLN|JMA|EEA|CLV|CAW|IPN|UMU|PYT|JJG|PTO|CAC|RVD|GVR|XAP|GGJ|GYN|VIX|PFB|MOC|CXJ|IGU|DOU|TFL|CGR|LHN|POA|PMG|IAL|GEL|BPG|BYO|RIA|ROO|GNM|PET|BPS|VDC|CMG|UNA|BRA|URG|IOS|CGB|MUU|LEC|PBA|MXQ|PMW|SMT|OPS|NSR|PNZ|AJU|AFL|AUX|BVH|JAW|OIA|CKS|SET|MCZ|QGP|AIR|IMP|JDO|MAB|OAL|CJZ|CAU|QIG|THE|JPR|JPO|JCS|CPV|JPA|MVF|JSB|NAT|JSO|TUR|PHB|BRB|JPE|SLZ|JJD|ATM|BVS|OPP|ITB|FEN|PTQ|IUP|STM|MEU|MCP|PIN|MBZ|RBB|TMT|MNX|PVH|LBR|CIZ|RBR|RPU|TFF|BAZ|BVB|IRZ|ERN|TBT|SJL|CZS,76,0.49032258064516127,120308955,0.5963352429874337,13534836435
12,CWB,0.2,12,VCP|CNF|GRU|REC|CGH|BSB|MAO|GIG|SSA|FOR|BEL|CWB,142,SJK|AQA|RAO|JTC|VAG|FRC|MII|SJP|UBA|AAX|RRJ|TEC|PGZ|DIQ|JOI|ARU|SDU|LDB|IZA|PPB|NVT|UDI|POJ|MGF|GPB|CFB|TJL|UVI|FLN|JMA|EEA|CLV|CAW|IPN|UMU|PYT|JJG|PTO|CAC|RVD|GVR|XAP|GGJ|GYN|VIX|PFB|MOC|CXJ|IGU|DOU|TFL|CGR|LHN|POA|PMG|IAL|GEL|BPG|BYO|RIA|ROO|GNM|PET|BPS|VDC|CMG|UNA|BRA|URG|IOS|CGB|MUU|LEC|PBA|MXQ|PMW|SMT|OPS|NSR|PNZ|AJU|AFL|AUX|BVH|JAW|OIA|CKS|SET|MCZ|QGP|AIR|IMP|JDO|MAB|OAL|CJZ|CAU|QIG|THE|JPR|JPO|JCS|CPV|TUR|JPA|JSB|IUP|JPE|MVF|ATM|JSO|SLZ|ITB|NAT|PHB|BRB|JJD|BVS|OPP|FEN|PTQ|STM|MEU|MCP|PIN|MBZ|RBB|TMT|MNX|PVH|LBR|CIZ|RBR|RPU|TFF|BAZ|BVB|IRZ|ERN|TBT|SJL|CZS,69,0.44516129032258067,127406780,0.6315170221311939,13668401063
13,CGB,0.2,13,VCP|CNF|GRU|REC|CGH|BSB|MAO|GIG|SSA|FOR|BEL|CWB|CGB,141,SJK|AQA|RAO|JTC|VAG|FRC|MII|SJP|UBA|AAX|RRJ|TEC|PGZ|DIQ|JOI|ARU|SDU|LDB|IZA|PPB|NVT|UDI|POJ|MGF|GPB|CFB|TJL|UVI|FLN|JMA|EEA|CLV|CAW|IPN|UMU|PYT|JJG|PTO|CAC|RVD|GVR|XAP|GGJ|GYN|VIX|PFB|MOC|CXJ|IGU|DOU|TFL|CGR|LHN|POA|PMG|IAL|GEL|BPG|BYO|RIA|ROO|GNM|PET|BPS|VDC|CMG|UNA|BRA|URG|IOS|MUU|LEC|PBA|MXQ|PMW|SMT|OPS|NSR|PNZ|AJU|AFL|AUX|BVH|JAW|OIA|CKS|SET|MCZ|QGP|AIR|IMP|JDO|MAB|OAL|CJZ|CAU|QIG|THE|JPR|JPO|JCS|CPV|TUR|JPA|JSB|IUP|JPE|MVF|ATM|JSO|SLZ|ITB|NAT|BRB|PHB|JJD|PVH|BVS|PTQ|STM|MNX|MBZ|RBB|OPP|PIN|MEU|LBR|TMT|MCP|RBR|FEN|CIZ|RPU|TFF|BAZ|BVB|IRZ|ERN|TBT|SJL|CZS,62,0.4,130364532,0.6461777116668723,13122231351
14,POA,0.2,14,VCP|CNF|GRU|REC|CGH|BSB|MAO|GIG|SSA|FOR|BEL|CWB|CGB|POA,140,SJK|AQA|RAO|JTC|VAG|FRC|MII|SJP|UBA|AAX|RRJ|TEC|PGZ|DIQ|JOI|ARU|SDU|LDB|IZA|PPB|NVT|UDI|POJ|MGF|GPB|CFB|TJL|UVI|FLN|JMA|EEA|CLV|CAW|IPN|UMU|PYT|JJG|PTO|CAC|RVD|GVR|XAP|GGJ|GYN|VIX|PFB|MOC|CXJ|IGU|DOU|TFL|CGR|LHN|PMG|IAL|GEL|BPG|BYO|RIA|ROO|GNM|PET|BPS|VDC|CMG|UNA|BRA|URG|IOS|MUU|LEC|PBA|MXQ|PMW|SMT|OPS|NSR|PNZ|AJU|AFL|AUX|BVH|JAW|OIA|CKS|SET|MCZ|QGP|AIR|IMP|JDO|MAB|OAL|CJZ|CAU|QIG|THE|JPR|JPO|JCS|CPV|TUR|JPA|JSB|IUP|JPE|MVF|ATM|JSO|SLZ|ITB|NAT|BRB|PHB|JJD|PVH|BVS|PTQ|STM|MNX|MBZ|RBB|OPP|PIN|MEU|LBR|TMT|MCP|RBR|FEN|CIZ|RPU|TFF|BAZ|ERN|IRZ|TBT|BVB|CZS|SJL,59,0.38064516129032255,138767579,0.6878290830352217,11939226482
15,MCZ,0.2,15,VCP|CNF|GRU|REC|CGH|BSB|MAO|GIG|SSA|FOR|BEL|CWB|CGB|POA|MCZ,139,SJK|AQA|RAO|JTC|VAG|FRC|MII|SJP|UBA|AAX|RRJ|TEC|PGZ|DIQ|JOI|ARU|SDU|LDB|IZA|PPB|NVT|UDI|POJ|MGF|GPB|CFB|TJL|UVI|FLN|JMA|EEA|CLV|CAW|IPN|UMU|PYT|JJG|PTO|CAC|RVD|GVR|XAP|GGJ|GYN|VIX|PFB|MOC|CXJ|IGU|DOU|TFL|CGR|LHN|PMG|IAL|GEL|BPG|BYO|RIA|ROO|GNM|PET|BPS|VDC|CMG|UNA|BRA|URG|IOS|MUU|LEC|PBA|MXQ|PMW|SMT|OPS|NSR|PNZ|AJU|AFL|AUX|BVH|JAW|OIA|CKS|SET|QGP|AIR|IMP|JDO|MAB|OAL|CJZ|CAU|QIG|THE|JPR|JPO|JCS|CPV|TUR|JPA|JSB|IUP|JPE|MVF|ATM|JSO|SLZ|ITB|NAT|BRB|PHB|JJD|PVH|BVS|PTQ|STM|MNX|MBZ|RBB|OPP|PIN|MEU|LBR|TMT|MCP|RBR|FEN|CIZ|RPU|TFF|BAZ|ERN|IRZ|TBT|BVB|CZS|SJL,57,0.36774193548387096,142041928,0.7040590435607671,10888187193
16,VIX,0.2,16,VCP|CNF|GRU|REC|CGH|BSB|MAO|GIG|SSA|FOR|BEL|CWB|CGB|POA|MCZ|VIX,138,SJK|AQA|RAO|JTC|VAG|FRC|MII|SJP|UBA|AAX|RRJ|TEC|PGZ|DIQ|JOI|ARU|SDU|LDB|IZA|PPB|NVT|UDI|POJ|MGF|GPB|CFB|TJL|UVI|FLN|JMA|EEA|CLV|CAW|IPN|UMU|PYT|JJG|PTO|CAC|RVD|GVR|XAP|GGJ|GYN|PFB|MOC|CXJ|IGU|DOU|TFL|CGR|LHN|PMG|IAL|GEL|BPG|BYO|RIA|ROO|GNM|PET|BPS|VDC|CMG|UNA|BRA|URG|IOS|MUU|LEC|PBA|MXQ|PMW|SMT|OPS|NSR|PNZ|AJU|AFL|AUX|BVH|JAW|OIA|CKS|SET|QGP|AIR|IMP|JDO|MAB|OAL|CJZ|CAU|QIG|THE|JPR|JPO|JCS|CPV|TUR|JPA|JSB|IUP|JPE|MVF|ATM|JSO|SLZ|ITB|NAT|BRB|PHB|JJD|PVH|BVS|PTQ|STM|MNX|MBZ|RBB|OPP|PIN|MEU|LBR|TMT|MCP|RBR|FEN|CIZ|RPU|TFF|BAZ|ERN|IRZ|TBT|BVB|CZS|SJL,55,0.3548387096774194,146170046,0.7245208788095984,10357748791
17,GYN,0.2,17,VCP|CNF|GRU|REC|CGH|BSB|MAO|GIG|SSA|FOR|BEL|CWB|CGB|POA|MCZ|VIX|GYN,137,SJK|AQA|RAO|JTC|VAG|FRC|MII|SJP|UBA|AAX|RRJ|TEC|PGZ|DIQ|JOI|ARU|SDU|LDB|IZA|PPB|NVT|UDI|POJ|MGF|GPB|CFB|TJL|UVI|FLN|JMA|EEA|CLV|CAW|IPN|UMU|PYT|JJG|PTO|CAC|RVD|GVR|XAP|GGJ|PFB|MOC|CXJ|IGU|DOU|TFL|CGR|LHN|PMG|IAL|GEL|BPG|BYO|RIA|ROO|GNM|PET|BPS|VDC|CMG|UNA|BRA|URG|IOS|MUU|LEC|PBA|MXQ|PMW|SMT|OPS|NSR|PNZ|AJU|AFL|AUX|BVH|JAW|OIA|CKS|SET|QGP|AIR|IMP|JDO|MAB|OAL|CJZ|CAU|QIG|THE|JPR|JPO|JCS|CPV|TUR|JPA|JSB|IUP|JPE|MVF|ATM|JSO|SLZ|ITB|NAT|BRB|PHB|JJD|PVH|BVS|PTQ|STM|MNX|MBZ|RBB|OPP|PIN|MEU|LBR|TMT|MCP|RBR|FEN|CIZ|RPU|TFF|BAZ|ERN|IRZ|TBT|BVB|CZS|SJL,45,0.2903225806451613,150763616,0.7472898213765384,9789946992
18,RAO,0.2,18,VCP|CNF|GRU|REC|CGH|BSB|MAO|GIG|SSA|FOR|BEL|CWB|CGB|POA|MCZ|VIX|GYN|RAO,136,SJK|AQA|JTC|VAG|FRC|MII|SJP|UBA|AAX|RRJ|TEC|PGZ|DIQ|JOI|ARU|SDU|LDB|IZA|PPB|NVT|UDI|POJ|MGF|GPB|CFB|TJL|UVI|FLN|JMA|EEA|CLV|CAW|IPN|UMU|PYT|JJG|PTO|CAC|RVD|GVR|XAP|GGJ|PFB|MOC|CXJ|IGU|DOU|TFL|CGR|LHN|PMG|IAL|GEL|BPG|BYO|RIA|ROO|GNM|PET|BPS|VDC|CMG|UNA|BRA|URG|IOS|MUU|LEC|PBA|MXQ|PMW|SMT|OPS|NSR|PNZ|AJU|AFL|AUX|BVH|JAW|OIA|CKS|SET|QGP|AIR|IMP|JDO|MAB|OAL|CJZ|CAU|QIG|THE|JPR|JPO|JCS|CPV|TUR|JPA|JSB|IUP|JPE|MVF|ATM|JSO|SLZ|ITB|NAT|BRB|PHB|JJD|PVH|BVS|PTQ|STM|MNX|MBZ|RBB|OPP|PIN|MEU|LBR|TMT|MCP|RBR|FEN|CIZ|RPU|TFF|BAZ|ERN|IRZ|TBT|BVB|CZS|SJL,41,0.2645161290322581,151600245,0.7514367402663399,9759506323
19,BPS,0.2,19,VCP|CNF|GRU|REC|CGH|BSB|MAO|GIG|SSA|FOR|BEL|CWB|CGB|POA|MCZ|VIX|GYN|RAO|BPS,135,SJK|AQA|JTC|VAG|FRC|MII|SJP|UBA|AAX|RRJ|TEC|PGZ|DIQ|JOI|ARU|SDU|LDB|IZA|PPB|NVT|UDI|POJ|MGF|GPB|CFB|TJL|UVI|FLN|JMA|EEA|CLV|CAW|IPN|UMU|PYT|JJG|PTO|CAC|RVD|GVR|XAP|GGJ|PFB|MOC|CXJ|IGU|DOU|TFL|CGR|LHN|PMG|IAL|GEL|BPG|BYO|RIA|ROO|GNM|PET|VDC|CMG|UNA|BRA|URG|IOS|MUU|LEC|PBA|MXQ|PMW|SMT|OPS|NSR|PNZ|AJU|AFL|AUX|BVH|JAW|OIA|CKS|SET|QGP|AIR|IMP|JDO|MAB|OAL|CJZ|CAU|QIG|THE|JPR|JPO|JCS|CPV|TUR|JPA|JSB|IUP|JPE|MVF|ATM|JSO|SLZ|ITB|NAT|BRB|PHB|JJD|PVH|BVS|PTQ|STM|MNX|MBZ|RBB|OPP|PIN|MEU|LBR|TMT|MCP|RBR|FEN|CIZ|RPU|TFF|BAZ|ERN|IRZ|TBT|BVB|CZS|SJL,37,0.23870967741935484,154363685,0.7651342817764859,9246042554
20,FLN,0.2,20,VCP|CNF|GRU|REC|CGH|BSB|MAO|GIG|SSA|FOR|BEL|CWB|CGB|POA|MCZ|VIX|GYN|RAO|BPS|FLN,134,SJK|AQA|JTC|VAG|FRC|MII|SJP|UBA|AAX|RRJ|TEC|PGZ|DIQ|JOI|ARU|SDU|LDB|IZA|PPB|NVT|UDI|POJ|MGF|GPB|CFB|TJL|UVI|JMA|EEA|CLV|CAW|IPN|UMU|PYT|JJG|PTO|CAC|RVD|GVR|XAP|GGJ|PFB|MOC|CXJ|IGU|DOU|TFL|CGR|LHN|PMG|IAL|GEL|BPG|BYO|RIA|ROO|GNM|PET|VDC|CMG|UNA|BRA|URG|IOS|MUU|LEC|PBA|MXQ|PMW|SMT|OPS|NSR|PNZ|AJU|AFL|AUX|BVH|JAW|OIA|CKS|SET|QGP|AIR|IMP|JDO|MAB|OAL|CJZ|CAU|QIG|THE|JPR|JPO|JCS|CPV|TUR|JPA|JSB|IUP|JPE|MVF|ATM|JSO|SLZ|ITB|NAT|BRB|PHB|JJD|PVH|BVS|PTQ|STM|MNX|MBZ|RBB|OPP|PIN|MEU|LBR|TMT|MCP|RBR|FEN|CIZ|RPU|TFF|BAZ|ERN|IRZ|TBT|BVB|CZS|SJL,27,0.17419354838709677,158900637,0.7876225839922761,8839467884
21,SDU,0.2,21,VCP|CNF|GRU|REC|CGH|BSB|MAO|GIG|SSA|FOR|BEL|CWB|CGB|POA|MCZ|VIX|GYN|RAO|BPS|FLN|SDU,133,SJK|AQA|JTC|VAG|FRC|MII|SJP|UBA|AAX|RRJ|TEC|PGZ|DIQ|JOI|ARU|LDB|IZA|PPB|NVT|UDI|POJ|MGF|GPB|CFB|TJL|UVI|JMA|EEA|CLV|CAW|IPN|UMU|PYT|JJG|PTO|CAC|RVD|GVR|XAP|GGJ|PFB|MOC|CXJ|IGU|DOU|TFL|CGR|LHN|PMG|IAL|GEL|BPG|BYO|RIA|ROO|GNM|PET|VDC|CMG|UNA|BRA|URG|IOS|MUU|LEC|PBA|MXQ|PMW|SMT|OPS|NSR|PNZ|AJU|AFL|AUX|BVH|JAW|OIA|CKS|SET|QGP|AIR|IMP|JDO|MAB|OAL|CJZ|CAU|QIG|THE|JPR|JPO|JCS|CPV|TUR|JPA|JSB|IUP|JPE|MVF|ATM|JSO|SLZ|ITB|NAT|BRB|PHB|JJD|PVH|BVS|PTQ|STM|MNX|MBZ|RBB|OPP|PIN|MEU|LBR|TMT|MCP|RBR|FEN|CIZ|RPU|TFF|BAZ|ERN|IRZ|TBT|BVB|CZS|SJL,27,0.17419354838709677,166290712,0.8242529603213987,8338406800
22,SLZ,0.2,22,VCP|CNF|GRU|REC|CGH|BSB|MAO|GIG|SSA|FOR|BEL|CWB|CGB|POA|MCZ|VIX|GYN|RAO|BPS|FLN|SDU|SLZ,132,SJK|AQA|JTC|VAG|FRC|MII|SJP|UBA|AAX|RRJ|TEC|PGZ|DIQ|JOI|ARU|LDB|IZA|PPB|NVT|UDI|POJ|MGF|GPB|CFB|TJL|UVI|JMA|EEA|CLV|CAW|IPN|UMU|PYT|JJG|PTO|CAC|RVD|GVR|XAP|GGJ|PFB|MOC|CXJ|IGU|DOU|TFL|CGR|LHN|PMG|IAL|GEL|BPG|BYO|RIA|ROO|GNM|PET|VDC|CMG|UNA|BRA|URG|IOS|MUU|LEC|PBA|MXQ|PMW|SMT|OPS|NSR|PNZ|AJU|AFL|AUX|BVH|JAW|OIA|CKS|SET|QGP|AIR|IMP|JDO|MAB|OAL|CJZ|CAU|QIG|THE|JPR|JPO|JCS|CPV|TUR|JPA|JSB|IUP|JPE|MVF|ATM|JSO|ITB|NAT|BRB|PHB|JJD|PVH|BVS|PTQ|STM|MNX|MBZ|RBB|OPP|PIN|MEU|LBR|TMT|MCP|RBR|FEN|CIZ|RPU|TFF|BAZ|ERN|IRZ|TBT|BVB|CZS|SJL,17,0.10967741935483871,168428318,0.8348484272756781,7521755299
23,JPA,0.2,23,VCP|CNF|GRU|REC|CGH|BSB|MAO|GIG|SSA|FOR|BEL|CWB|CGB|POA|MCZ|VIX|GYN|RAO|BPS|FLN|SDU|SLZ|JPA,131,SJK|AQA|JTC|VAG|FRC|MII|SJP|UBA|AAX|RRJ|TEC|PGZ|DIQ|JOI|ARU|LDB|IZA|PPB|NVT|UDI|POJ|MGF|GPB|CFB|TJL|UVI|JMA|EEA|CLV|CAW|IPN|UMU|PYT|JJG|PTO|CAC|RVD|GVR|XAP|GGJ|PFB|MOC|CXJ|IGU|DOU|TFL|CGR|LHN|PMG|IAL|GEL|BPG|BYO|RIA|ROO|GNM|PET|VDC|CMG|UNA|BRA|URG|IOS|MUU|LEC|PBA|MXQ|PMW|SMT|OPS|NSR|PNZ|AJU|AFL|AUX|BVH|JAW|OIA|CKS|SET|QGP|AIR|IMP|JDO|MAB|OAL|CJZ|CAU|QIG|THE|JPR|JPO|JCS|CPV|TUR|JSB|IUP|JPE|MVF|ATM|JSO|ITB|NAT|BRB|PHB|JJD|PVH|BVS|PTQ|STM|MNX|MBZ|RBB|OPP|PIN|MEU|LBR|TMT|MCP|RBR|FEN|CIZ|RPU|TFF|BAZ|ERN|IRZ|TBT|BVB|CZS|SJL,12,0.07741935483870968,170591284,0.8455696000750087,6731269462
24,NAT,0.2,24,VCP|CNF|GRU|REC|CGH|BSB|MAO|GIG|SSA|FOR|BEL|CWB|CGB|POA|MCZ|VIX|GYN|RAO|BPS|FLN|SDU|SLZ|JPA|NAT,130,SJK|AQA|JTC|VAG|FRC|MII|SJP|UBA|AAX|RRJ|TEC|PGZ|DIQ|JOI|ARU|LDB|IZA|PPB|NVT|UDI|POJ|MGF|GPB|CFB|TJL|UVI|JMA|EEA|CLV|CAW|IPN|UMU|PYT|JJG|PTO|CAC|RVD|GVR|XAP|GGJ|PFB|MOC|CXJ|IGU|DOU|TFL|CGR|LHN|PMG|IAL|GEL|BPG|BYO|RIA|ROO|GNM|PET|VDC|CMG|UNA|BRA|URG|IOS|MUU|LEC|PBA|MXQ|PMW|SMT|OPS|NSR|PNZ|AJU|AFL|AUX|BVH|JAW|OIA|CKS|SET|QGP|AIR|IMP|JDO|MAB|OAL|CJZ|CAU|QIG|THE|JPR|JPO|JCS|CPV|TUR|JSB|IUP|JPE|MVF|ATM|JSO|ITB|BRB|PHB|JJD|PVH|BVS|PTQ|STM|MNX|MBZ|RBB|OPP|PIN|MEU|LBR|TMT|MCP|RBR|FEN|CIZ|RPU|TFF|BAZ|ERN|IRZ|TBT|BVB|CZS|SJL,7,0.04516129032258064,173246254,0.8587294864916626,5716065688
25,IGU,0.2,25,VCP|CNF|GRU|REC|CGH|BSB|MAO|GIG|SSA|FOR|BEL|CWB|CGB|POA|MCZ|VIX|GYN|RAO|BPS|FLN|SDU|SLZ|JPA|NAT|IGU,129,SJK|AQA|JTC|VAG|FRC|MII|SJP|UBA|AAX|RRJ|TEC|PGZ|DIQ|JOI|ARU|LDB|IZA|PPB|NVT|UDI|POJ|MGF|GPB|CFB|TJL|UVI|JMA|EEA|CLV|CAW|IPN|UMU|PYT|JJG|PTO|CAC|RVD|GVR|XAP|GGJ|PFB|MOC|CXJ|DOU|TFL|CGR|LHN|PMG|IAL|GEL|BPG|BYO|RIA|ROO|GNM|PET|VDC|CMG|UNA|BRA|URG|IOS|MUU|LEC|PBA|MXQ|PMW|SMT|OPS|NSR|PNZ|AJU|AFL|AUX|BVH|JAW|OIA|CKS|SET|QGP|AIR|IMP|JDO|MAB|OAL|CJZ|CAU|QIG|THE|JPR|JPO|JCS|CPV|TUR|JSB|IUP|JPE|MVF|ATM|JSO|ITB|BRB|PHB|JJD|PVH|BVS|PTQ|STM|MNX|MBZ|RBB|OPP|PIN|MEU|LBR|TMT|MCP|RBR|FEN|CIZ|RPU|TFF|BAZ|ERN|IRZ|TBT|BVB|CZS|SJL,7,0.04516129032258064,175831522,0.8715438810937146,5371994447
26,UDI,0.2,26,VCP|CNF|GRU|REC|CGH|BSB|MAO|GIG|SSA|FOR|BEL|CWB|CGB|POA|MCZ|VIX|GYN|RAO|BPS|FLN|SDU|SLZ|JPA|NAT|IGU|UDI,128,SJK|AQA|JTC|VAG|FRC|MII|SJP|UBA|AAX|RRJ|TEC|PGZ|DIQ|JOI|ARU|LDB|IZA|PPB|NVT|POJ|MGF|GPB|CFB|TJL|UVI|JMA|EEA|CLV|CAW|IPN|UMU|PYT|JJG|PTO|CAC|RVD|GVR|XAP|GGJ|PFB|MOC|CXJ|DOU|TFL|CGR|LHN|PMG|IAL|GEL|BPG|BYO|RIA|ROO|GNM|PET|VDC|CMG|UNA|BRA|URG|IOS|MUU|LEC|PBA|MXQ|PMW|SMT|OPS|NSR|PNZ|AJU|AFL|AUX|BVH|JAW|OIA|CKS|SET|QGP|AIR|IMP|JDO|MAB|OAL|CJZ|CAU|QIG|THE|JPR|JPO|JCS|CPV|TUR|JSB|IUP|JPE|MVF|ATM|JSO|ITB|BRB|PHB|JJD|PVH|BVS|PTQ|STM|MNX|MBZ|RBB|OPP|PIN|MEU|LBR|TMT|MCP|RBR|FEN|CIZ|RPU|TFF|BAZ|ERN|IRZ|TBT|BVB|CZS|SJL,7,0.04516129032258064,177089240,0.877778008319343,5273008864
27,NVT,0.2,27,VCP|CNF|GRU|REC|CGH|BSB|MAO|GIG|SSA|FOR|BEL|CWB|CGB|POA|MCZ|VIX|GYN|RAO|BPS|FLN|SDU|SLZ|JPA|NAT|IGU|UDI|NVT,127,SJK|AQA|JTC|VAG|FRC|MII|SJP|UBA|AAX|RRJ|TEC|PGZ|DIQ|JOI|ARU|LDB|IZA|PPB|POJ|MGF|GPB|CFB|TJL|UVI|JMA|EEA|CLV|CAW|IPN|UMU|PYT|JJG|PTO|CAC|RVD|GVR|XAP|GGJ|PFB|MOC|CXJ|DOU|TFL|CGR|LHN|PMG|IAL|GEL|BPG|BYO|RIA|ROO|GNM|PET|VDC|CMG|UNA|BRA|URG|IOS|MUU|LEC|PBA|MXQ|PMW|SMT|OPS|NSR|PNZ|AJU|AFL|AUX|BVH|JAW|OIA|CKS|SET|QGP|AIR|IMP|JDO|MAB|OAL|CJZ|CAU|QIG|THE|JPR|JPO|JCS|CPV|TUR|JSB|IUP|JPE|MVF|ATM|JSO|ITB|BRB|PHB|JJD|PVH|BVS|PTQ|STM|MNX|MBZ|RBB|OPP|PIN|MEU|LBR|TMT|MCP|RBR|FEN|CIZ|RPU|TFF|BAZ|ERN|IRZ|TBT|BVB|CZS|SJL,7,0.04516129032258064,179761695,0.8910245636045613,5069474004
28,AJU,0.2,28,VCP|CNF|GRU|REC|CGH|BSB|MAO|GIG|SSA|FOR|BEL|CWB|CGB|POA|MCZ|VIX|GYN|RAO|BPS|FLN|SDU|SLZ|JPA|NAT|IGU|UDI|NVT|AJU,126,SJK|AQA|JTC|VAG|FRC|MII|SJP|UBA|AAX|RRJ|TEC|PGZ|DIQ|JOI|ARU|LDB|IZA|PPB|POJ|MGF|GPB|CFB|TJL|UVI|JMA|EEA|CLV|CAW|IPN|UMU|PYT|JJG|PTO|CAC|RVD|GVR|XAP|GGJ|PFB|MOC|CXJ|DOU|TFL|CGR|LHN|PMG|IAL|GEL|BPG|BYO|RIA|ROO|GNM|PET|VDC|CMG|UNA|BRA|URG|IOS|MUU|LEC|PBA|MXQ|PMW|SMT|OPS|NSR|PNZ|AFL|AUX|BVH|JAW|OIA|CKS|SET|QGP|AIR|IMP|JDO|MAB|OAL|CJZ|CAU|QIG|THE|JPR|JPO|JCS|CPV|TUR|JSB|IUP|JPE|MVF|ATM|JSO|ITB|BRB|PHB|JJD|PVH|BVS|PTQ|STM|MNX|MBZ|RBB|OPP|PIN|MEU|LBR|TMT|MCP|RBR|FEN|CIZ|RPU|TFF|BAZ|ERN|IRZ|TBT|BVB|CZS|SJL,7,0.04516129032258064,181349532,0.8988949962136275,4616701283
29,SJP,0.2,29,VCP|CNF|GRU|REC|CGH|BSB|MAO|GIG|SSA|FOR|BEL|CWB|CGB|POA|MCZ|VIX|GYN|RAO|BPS|FLN|SDU|SLZ|JPA|NAT|IGU|UDI|NVT|AJU|SJP,125,SJK|AQA|JTC|VAG|FRC|MII|UBA|AAX|RRJ|TEC|PGZ|DIQ|JOI|ARU|LDB|IZA|PPB|POJ|MGF|GPB|CFB|TJL|UVI|JMA|EEA|CLV|CAW|IPN|UMU|PYT|JJG|PTO|CAC|RVD|GVR|XAP|GGJ|PFB|MOC|CXJ|DOU|TFL|CGR|LHN|PMG|IAL|GEL|BPG|BYO|RIA|ROO|GNM|PET|VDC|CMG|UNA|BRA|URG|IOS|MUU|LEC|PBA|MXQ|PMW|SMT|OPS|NSR|PNZ|AFL|AUX|BVH|JAW|OIA|CKS|SET|QGP|AIR|IMP|JDO|MAB|OAL|CJZ|CAU|QIG|THE|JPR|JPO|JCS|CPV|TUR|JSB|IUP|JPE|MVF|ATM|JSO|ITB|BRB|PHB|JJD|PVH|BVS|PTQ|STM|MNX|MBZ|RBB|OPP|PIN|MEU|LBR|TMT|MCP|RBR|FEN|CIZ|RPU|TFF|BAZ|ERN|IRZ|TBT|BVB|CZS|SJL,7,0.04516129032258064,182434833,0.9042745033236698,4555580601
30,CGR,0.2,30,VCP|CNF|GRU|REC|CGH|BSB|MAO|GIG|SSA|FOR|BEL|CWB|CGB|POA|MCZ|VIX|GYN|RAO|BPS|FLN|SDU|SLZ|JPA|NAT|IGU|UDI|NVT|AJU|SJP|CGR,124,SJK|AQA|JTC|VAG|FRC|MII|UBA|AAX|RRJ|TEC|PGZ|DIQ|JOI|ARU|LDB|IZA|PPB|POJ|MGF|GPB|CFB|TJL|UVI|JMA|EEA|CLV|CAW|IPN|UMU|PYT|JJG|PTO|CAC|RVD|GVR|XAP|GGJ|PFB|MOC|CXJ|DOU|TFL|LHN|PMG|IAL|GEL|BPG|BYO|RIA|ROO|GNM|PET|VDC|CMG|UNA|BRA|URG|IOS|MUU|LEC|PBA|MXQ|PMW|SMT|OPS|NSR|PNZ|AFL|AUX|BVH|JAW|OIA|CKS|SET|QGP|AIR|IMP|JDO|MAB|OAL|CJZ|CAU|QIG|THE|JPR|JPO|JCS|CPV|TUR|JSB|IUP|JPE|MVF|ATM|JSO|ITB|BRB|PHB|JJD|PVH|BVS|PTQ|STM|MNX|MBZ|RBB|OPP|PIN|MEU|LBR|TMT|MCP|RBR|FEN|CIZ|RPU|TFF|BAZ|ERN|IRZ|TBT|BVB|CZS|SJL,7,0.04516129032258064,184318401,0.913610782429665,4295651526
