passo,aeroporto_removido,removidos_acumulados,qtd_removidos,aeroportos_restantes,componentes_conectados,maior_componente,fracao_maior_componente,aeroportos_isolados,lista_aeroportos_isolados,volume_passageiros_restante,fracao_volume_restante,score_no_passo
1,VCP,VCP,1,154,8,146,0.9419354838709677,6,AQA|CAW|MII|PGZ|ROO|TJL,82118989,0.8841894968903053,0.5193623125936258
2,CNF,VCP|CNF,2,153,18,135,0.8709677419354839,16,AQA|CAW|CFB|DIQ|GVR|IAL|JMA|LHN|MII|PGZ|PYT|ROO|RRJ|TFL|TJL|VAG,71520565,0.7700744146358205,0.466725180261019
3,GRU,VCP|CNF|GRU,3,152,21,130,0.8387096774193549,18,AQA|CAW|CFB|DIQ|DOU|GVR|IAL|JJG|JMA|LHN|MII|PGZ|PYT|ROO|RRJ|TFL|TJL|VAG,45354085,0.48833535442174214,0.4527140880118079
4,CGH,VCP|CNF|GRU|CGH,4,151,27,123,0.7935483870967742,24,AQA|BYO|CAW|CFB|CLV|DIQ|DOU|EEA|GVR|IAL|IZA|JJG|JMA|LHN|MII|PFB|PGZ|PYT|ROO|RRJ|TFL|TJL|UNA|VAG,24727368,0.26624388996485865,0.39970299069877946
5,REC,VCP|CNF|GRU|CGH|REC,5,150,32,114,0.7354838709677419,26,AQA|BYO|CAW|CFB|CLV|DIQ|DOU|EEA|GVR|IAL|IZA|JJG|JMA|LHN|MII|MVF|NSR|PFB|PGZ|PYT|ROO|RRJ|TFL|TJL|UNA|VAG,20382972,0.21946701947108946,0.3901002828215063
6,BSB,VCP|CNF|GRU|CGH|REC|BSB,6,149,32,113,0.7290322580645161,26,AQA|BYO|CAW|CFB|CLV|DIQ|DOU|EEA|GVR|IAL|IZA|JJG|JMA|LHN|MII|MVF|NSR|PFB|PGZ|PYT|ROO|RRJ|TFL|TJL|UNA|VAG,11603086,0.12493245347571127,0.37296082723438334
7,GIG,VCP|CNF|GRU|CGH|REC|BSB|GIG,7,148,33,111,0.7161290322580646,27,AQA|BYO|CAW|CFB|CLV|CXJ|DIQ|DOU|EEA|GVR|IAL|IZA|JJG|JMA|LHN|MII|MVF|NSR|PFB|PGZ|PYT|ROO|RRJ|TFL|TJL|UNA|VAG,5439274,0.0585656131434901,0.374127641527111
8,MAO,VCP|CNF|GRU|CGH|REC|BSB|GIG|MAO,8,147,40,99,0.6387096774193548,30,AQA|BAZ|BYO|CAW|CFB|CLV|CXJ|DIQ|DOU|EEA|GVR|IAL|ITB|IZA|JJG|JMA|LHN|MII|MVF|NSR|PFB|PGZ|PYT|ROO|RPU|RRJ|TFL|TJL|UNA|VAG,4541029,0.04889405234731137,0.3748328634482416
9,SSA,VCP|CNF|GRU|CGH|REC|BSB|GIG|MAO|SSA,9,146,43,93,0.6,32,AQA|BAZ|BYO|CAW|CFB|CLV|CXJ|DIQ|DOU|EEA|GNM|GVR|IAL|ITB|IZA|JJG|JMA|LEC|LHN|MII|MVF|NSR|PFB|PGZ|PYT|ROO|RPU|RRJ|TFL|TJL|UNA|VAG,3433028,0.036964012064619196,0.3519101496494053
10,BEL,VCP|CNF|GRU|CGH|REC|BSB|GIG|MAO|SSA|BEL,10,145,47,82,0.5290322580645161,33,AQA|BAZ|BYO|CAW|CFB|CLV|CXJ|DIQ|DOU|EEA|GNM|GVR|IAL|ITB|IZA|JJG|JMA|LEC|LHN|MII|MVF|NSR|OPP|PFB|PGZ|PYT|ROO|RPU|RRJ|TFL|TJL|UNA|VAG,2251588,0.02424324124258579,0.3426054690062311
11,CWB,VCP|CNF|GRU|CGH|REC|BSB|GIG|MAO|SSA|BEL|CWB,11,144,52,75,0.4838709677419355,37,AQA|BAZ|BYO|CAW|CFB|CLV|CXJ|DIQ|DOU|EEA|GGJ|GNM|GPB|GVR|IAL|ITB|IZA|JJG|JMA|LEC|LHN|MII|MVF|NSR|OPP|PFB|PGZ|PTO|PYT|ROO|RPU|RRJ|TFL|TJL|UNA|UVI|VAG,1406240,0.015141231684026493,0.3171336844419793
12,FOR,VCP|CNF|GRU|CGH|REC|BSB|GIG|MAO|SSA|BEL|CWB|FOR,12,143,57,69,0.44516129032258067,42,AQA|BAZ|BYO|CAW|CFB|CLV|CXJ|DIQ|DOU|EEA|GGJ|GNM|GPB|GVR|IAL|ITB|IZA|JCS|JDO|JJG|JMA|JSB|JSO|LEC|LHN|MII|MVF|NSR|OPP|PFB|PGZ|PTO|PYT|QIG|ROO|RPU|RRJ|TFL|TJL|UNA|UVI|VAG,984431,0.010599540510821683,0.3164371862501726
13,RAO,VCP|CNF|GRU|CGH|REC|BSB|GIG|MAO|SSA|BEL|CWB|FOR|RAO,13,142,59,65,0.41935483870967744,43,AQA|BAZ|BYO|CAW|CFB|CLV|CXJ|DIQ|DOU|EEA|GGJ|GNM|GPB|GVR|IAL|ITB|IZA|JCS|JDO|JJG|JMA|JSB|JSO|LEC|LHN|MII|MVF|NSR|OPP|PFB|PGZ|PTO|PYT|QIG|ROO|RPU|RRJ|RVD|TFL|TJL|UNA|UVI|VAG,901242,0.009703830018613753,0.31486212623344634
14,CGB,VCP|CNF|GRU|CGH|REC|BSB|GIG|MAO|SSA|BEL|CWB|FOR|RAO|CGB,14,141,65,58,0.3741935483870968,49,AFL|AIR|AQA|BAZ|BPG|BVH|BYO|CAW|CFB|CLV|CXJ|DIQ|DOU|EEA|GGJ|GNM|GPB|GVR|IAL|ITB|IZA|JCS|JDO|JJG|JMA|JSB|JSO|LEC|LHN|MII|MVF|NSR|OAL|OPP|OPS|PFB|PGZ|PTO|PYT|QIG|ROO|RPU|RRJ|RVD|TFL|TJL|UNA|UVI|VAG,694354,0.0074762307890050995,0.308325868397187
15,GYN,VCP|CNF|GRU|CGH|REC|BSB|GIG|MAO|SSA|BEL|CWB|FOR|RAO|CGB|GYN,15,140,67,48,0.3096774193548387,49,AFL|AIR|AQA|BAZ|BPG|BVH|BYO|CAW|CFB|CLV|CXJ|DIQ|DOU|EEA|GGJ|GNM|GPB|GVR|IAL|ITB|IZA|JCS|JDO|JJG|JMA|JSB|JSO|LEC|LHN|MII|MVF|NSR|OAL|OPP|OPS|PFB|PGZ|PTO|PYT|QIG|ROO|RPU|RRJ|RVD|TFL|TJL|UNA|UVI|VAG,564424,0.00607725178634157,0.2993258208270606
16,BPS,VCP|CNF|GRU|CGH|REC|BSB|GIG|MAO|SSA|BEL|CWB|FOR|RAO|CGB|GYN|BPS,16,139,67,47,0.3032258064516129,49,AFL|AIR|AQA|BAZ|BPG|BVH|BYO|CAW|CFB|CLV|CXJ|DIQ|DOU|EEA|GGJ|GNM|GPB|GVR|IAL|ITB|IZA|JCS|JDO|JJG|JMA|JSB|JSO|LEC|LHN|MII|MVF|NSR|OAL|OPP|OPS|PFB|PGZ|PTO|PYT|QIG|ROO|RPU|RRJ|RVD|TFL|TJL|UNA|UVI|VAG,448387,0.004827861141132088,0.2856513449536066
17,MCZ,VCP|CNF|GRU|CGH|REC|BSB|GIG|MAO|SSA|BEL|CWB|FOR|RAO|CGB|GYN|BPS|MCZ,17,138,69,44,0.2838709677419355,51,AFL|AIR|AQA|ARU|BAZ|BPG|BRA|BVH|BYO|CAW|CFB|CLV|CXJ|DIQ|DOU|EEA|GGJ|GNM|GPB|GVR|IAL|ITB|IZA|JCS|JDO|JJG|JMA|JSB|JSO|LEC|LHN|MII|MVF|NSR|OAL|OPP|OPS|PFB|PGZ|PTO|PYT|QIG|ROO|RPU|RRJ|RVD|TFL|TJL|UNA|UVI|VAG,371395,0.0039988748302487625,0.2858458494144814
18,FLN,VCP|CNF|GRU|CGH|REC|BSB|GIG|MAO|SSA|BEL|CWB|FOR|RAO|CGB|GYN|BPS|MCZ|FLN,18,137,70,38,0.24516129032258063,51,AFL|AIR|AQA|ARU|BAZ|BPG|BRA|BVH|BYO|CAW|CFB|CLV|CXJ|DIQ|DOU|EEA|GGJ|GNM|GPB|GVR|IAL|ITB|IZA|JCS|JDO|JJG|JMA|JSB|JSO|LEC|LHN|MII|MVF|NSR|OAL|OPP|OPS|PFB|PGZ|PTO|PYT|QIG|ROO|RPU|RRJ|RVD|TFL|TJL|UNA|UVI|VAG,233753,0.002516859376661341,0.2798695792185487
19,SLZ,VCP|CNF|GRU|CGH|REC|BSB|GIG|MAO|SSA|BEL|CWB|FOR|RAO|CGB|GYN|BPS|MCZ|FLN|SLZ,19,136,72,28,0.18064516129032257,51,AFL|AIR|AQA|ARU|BAZ|BPG|BRA|BVH|BYO|CAW|CFB|CLV|CXJ|DIQ|DOU|EEA|GGJ|GNM|GPB|GVR|IAL|ITB|IZA|JCS|JDO|JJG|JMA|JSB|JSO|LEC|LHN|MII|MVF|NSR|OAL|OPP|OPS|PFB|PGZ|PTO|PYT|QIG|ROO|RPU|RRJ|RVD|TFL|TJL|UNA|UVI|VAG,163329,0.0017585918688988813,0.28330065359477125
20,POA,VCP|CNF|GRU|CGH|REC|BSB|GIG|MAO|SSA|BEL|CWB|FOR|RAO|CGB|GYN|BPS|MCZ|FLN|SLZ|POA,20,135,76,21,0.13548387096774195,54,AFL|AIR|AQA|ARU|BAZ|BPG|BRA|BVH|BYO|CAW|CFB|CLV|CXJ|DIQ|DOU|EEA|GEL|GGJ|GNM|GPB|GVR|IAL|ITB|IZA|JCS|JDO|JJG|JMA|JSB|JSO|LEC|LHN|MII|MVF|NSR|OAL|OPP|OPS|PFB|PGZ|PTO|PYT|QIG|RIA|ROO|RPU|RRJ|RVD|TFL|TJL|UNA|URG|UVI|VAG,98608,0.001061729558182447,0.26797678275290215
21,NAT,VCP|CNF|GRU|CGH|REC|BSB|GIG|MAO|SSA|BEL|CWB|FOR|RAO|CGB|GYN|BPS|MCZ|FLN|SLZ|POA|NAT,21,134,76,20,0.12903225806451613,54,AFL|AIR|AQA|ARU|BAZ|BPG|BRA|BVH|BYO|CAW|CFB|CLV|CXJ|DIQ|DOU|EEA|GEL|GGJ|GNM|GPB|GVR|IAL|ITB|IZA|JCS|JDO|JJG|JMA|JSB|JSO|LEC|LHN|MII|MVF|NSR|OAL|OPP|OPS|PFB|PGZ|PTO|PYT|QIG|RIA|ROO|RPU|RRJ|RVD|TFL|TJL|UNA|URG|UVI|VAG,49297,0.0005307894088686526,0.26222926719784534
22,JPA,VCP|CNF|GRU|CGH|REC|BSB|GIG|MAO|SSA|BEL|CWB|FOR|RAO|CGB|GYN|BPS|MCZ|FLN|SLZ|POA|NAT|JPA,22,133,81,9,0.05806451612903226,56,AFL|AIR|AQA|ARU|BAZ|BPG|BRA|BVH|BYO|CAW|CFB|CLV|CXJ|DIQ|DOU|EEA|GEL|GGJ|GNM|GPB|GVR|IAL|ITB|IZA|JCS|JDO|JJG|JMA|JSB|JSO|LEC|LHN|MII|MVF|NSR|OAL|OPP|OPS|PFB|PGZ|PPB|PTO|PYT|QIG|RIA|ROO|RPU|RRJ|RVD|TFL|TJL|UBA|UNA|URG|UVI|VAG,28802,0.00031011616435553746,0.2719799238635626
23,RBR,VCP|CNF|GRU|CGH|REC|BSB|GIG|MAO|SSA|BEL|CWB|FOR|RAO|CGB|GYN|BPS|MCZ|FLN|SLZ|POA|NAT|JPA|RBR,23,132,82,9,0.05806451612903226,57,AFL|AIR|AQA|ARU|BAZ|BPG|BRA|BVH|BYO|CAW|CFB|CLV|CXJ|CZS|DIQ|DOU|EEA|GEL|GGJ|GNM|GPB|GVR|IAL|ITB|IZA|JCS|JDO|JJG|JMA|JSB|JSO|LEC|LHN|MII|MVF|NSR|OAL|OPP|OPS|PFB|PGZ|PPB|PTO|PYT|QIG|RIA|ROO|RPU|RRJ|RVD|TFL|TJL|UBA|UNA|URG|UVI|VAG,8002,8.615893157325918e-05,0.2548056904927134
24,STM,VCP|CNF|GRU|CGH|REC|BSB|GIG|MAO|SSA|BEL|CWB|FOR|RAO|CGB|GYN|BPS|MCZ|FLN|SLZ|POA|NAT|JPA|RBR|STM,24,131,84,9,0.05806451612903226,60,AFL|AIR|AQA|ARU|BAZ|BPG|BRA|BVH|BYO|CAW|CFB|CLV|CXJ|CZS|DIQ|DOU|EEA|GEL|GGJ|GNM|GPB|GVR|IAL|ITB|IZA|JCS|JDO|JJG|JMA|JSB|JSO|LEC|LHN|MII|MVF|NSR|OAL|OPP|OPS|PFB|PGZ|PIN|PPB|PTO|PYT|QIG|RIA|ROO|RPU|RRJ|RVD|SJL|TFL|TJL|TMT|UBA|UNA|URG|UVI|VAG,6426,6.91898643201404e-05,0.2570287727539636
25,CKS,VCP|CNF|GRU|CGH|REC|BSB|GIG|MAO|SSA|BEL|CWB|FOR|RAO|CGB|GYN|BPS|MCZ|FLN|SLZ|POA|NAT|JPA|RBR|STM|CKS,25,130,84,9,0.05806451612903226,60,AFL|AIR|AQA|ARU|BAZ|BPG|BRA|BVH|BYO|CAW|CFB|CLV|CXJ|CZS|DIQ|DOU|EEA|GEL|GGJ|GNM|GPB|GVR|IAL|ITB|IZA|JCS|JDO|JJG|JMA|JSB|JSO|LEC|LHN|MII|MVF|NSR|OAL|OPP|OPS|PFB|PGZ|PIN|PPB|PTO|PYT|QIG|RIA|ROO|RPU|RRJ|RVD|SJL|TFL|TJL|TMT|UBA|UNA|URG|UVI|VAG,5508,5.9305597988691776e-05,0.2546690518783542
26,PMW,VCP|CNF|GRU|CGH|REC|BSB|GIG|MAO|SSA|BEL|CWB|FOR|RAO|CGB|GYN|BPS|MCZ|FLN|SLZ|POA|NAT|JPA|RBR|STM|CKS|PMW,26,129,84,9,0.05806451612903226,61,AFL|AIR|AQA|ARU|AUX|BAZ|BPG|BRA|BVH|BYO|CAW|CFB|CLV|CXJ|CZS|DIQ|DOU|EEA|GEL|GGJ|GNM|GPB|GVR|IAL|ITB|IZA|JCS|JDO|JJG|JMA|JSB|JSO|LEC|LHN|MII|MVF|NSR|OAL|OPP|OPS|PFB|PGZ|PIN|PPB|PTO|PYT|QIG|RIA|ROO|RPU|RRJ|RVD|SJL|TFL|TJL|TMT|UBA|UNA|URG|UVI|VAG,4630,4.985201864336291e-05,0.25232558139534883
27,TBT,VCP|CNF|GRU|CGH|REC|BSB|GIG|MAO|SSA|BEL|CWB|FOR|RAO|CGB|GYN|BPS|MCZ|FLN|SLZ|POA|NAT|JPA|RBR|STM|CKS|PMW|TBT,27,128,84,9,0.05806451612903226,62,AFL|AIR|AQA|ARU|AUX|BAZ|BPG|BRA|BVH|BYO|CAW|CFB|CLV|CXJ|CZS|DIQ|DOU|EEA|ERN|GEL|GGJ|GNM|GPB|GVR|IAL|ITB|IZA|JCS|JDO|JJG|JMA|JSB|JSO|LEC|LHN|MII|MVF|NSR|OAL|OPP|OPS|PFB|PGZ|PIN|PPB|PTO|PYT|QIG|RIA|ROO|RPU|RRJ|RVD|SJL|TFL|TJL|TMT|UBA|UNA|URG|UVI|VAG,3799,4.090449650672477e-05,0.25234375
28,VIX,VCP|CNF|GRU|CGH|REC|BSB|GIG|MAO|SSA|BEL|CWB|FOR|RAO|CGB|GYN|BPS|MCZ|FLN|SLZ|POA|NAT|JPA|RBR|STM|CKS|PMW|TBT|VIX,28,127,86,5,0.03225806451612903,63,AFL|AIR|AQA|ARU|AUX|BAZ|BPG|BRA|BVH|BYO|CAW|CFB|CLV|CXJ|CZS|DIQ|DOU|EEA|ERN|GEL|GGJ|GNM|GPB|GVR|IAL|ITB|IZA|JCS|JDO|JJG|JMA|JSB|JSO|LEC|LHN|MII|MVF|NSR|OAL|OPP|OPS|PFB|PGZ|PIN|PNZ|PPB|PTO|PYT|QIG|RIA|ROO|RPU|RRJ|RVD|SJL|TFL|TJL|TMT|UBA|UNA|URG|UVI|VAG,3189,3.433651996839834e-05,0.2580427446569179
29,MNX,VCP|CNF|GRU|CGH|REC|BSB|GIG|MAO|SSA|BEL|CWB|FOR|RAO|CGB|GYN|BPS|MCZ|FLN|SLZ|POA|NAT|JPA|RBR|STM|CKS|PMW|TBT|VIX|MNX,29,126,86,5,0.03225806451612903,64,AFL|AIR|AQA|ARU|AUX|BAZ|BPG|BRA|BVH|BYO|CAW|CFB|CLV|CXJ|CZS|DIQ|DOU|EEA|ERN|GEL|GGJ|GNM|GPB|GVR|IAL|ITB|IUP|IZA|JCS|JDO|JJG|JMA|JSB|JSO|LEC|LHN|MII|MVF|NSR|OAL|OPP|OPS|PFB|PGZ|PIN|PNZ|PPB|PTO|PYT|QIG|RIA|ROO|RPU|RRJ|RVD|SJL|TFL|TJL|TMT|UBA|UNA|URG|UVI|VAG,2679,2.8845260895371326e-05,0.2523809523809524
30,AJU,VCP|CNF|GRU|CGH|REC|BSB|GIG|MAO|SSA|BEL|CWB|FOR|RAO|CGB|GYN|BPS|MCZ|FLN|SLZ|POA|NAT|JPA|RBR|STM|CKS|PMW|TBT|VIX|MNX|AJU,30,125,87,5,0.03225806451612903,65,AFL|AIR|AQA|ARU|AUX|BAZ|BPG|BRA|BVH|BYO|CAW|CFB|CLV|CXJ|CZS|DIQ|DOU|EEA|ERN|GEL|GGJ|GNM|GPB|GVR|IAL|IOS|ITB|IUP|IZA|JCS|JDO|JJG|JMA|JSB|JSO|LEC|LHN|MII|MVF|NSR|OAL|OPP|OPS|PFB|PGZ|PIN|PNZ|PPB|PTO|PYT|QIG|RIA|ROO|RPU|RRJ|RVD|SJL|TFL|TJL|TMT|UBA|UNA|URG|UVI|VAG,2209,2.3784688808464074e-05,0.2549741935483871
